, 35
, 0
12:00:19.717, 0
12:00:19.735, 0
12:00:19.745, 14
12:00:22.225, 2
12:00:22.251, 237
12:00:22.265, 160
12:00:22.278, 0
12:00:22.899, 0
12:00:22.916, 0
12:00:22.932, 0
12:00:22.943, 237
12:00:22.982, 0
, 0
, 1
, 4
, 1
, 5
, 2
, 11
, 11
, 2
, 11
, 2
12:00:24.575, 0
12:00:24.595, 251
12:00:24.611, 0
12:00:24.712, 0
12:00:24.735, 0
12:00:24.778, 14
12:00:24.790, 251
12:00:24.802, 251
12:00:24.841, 0
12:00:24.932, 0
12:00:24.943, 0
12:00:24.980, 14
12:00:24.993, 251
12:00:25.003, 251
12:00:25.013, 0
12:00:25.122, 0
12:00:25.142, 0
12:00:25.172, 14
12:00:25.183, 251
12:00:25.264, 207
12:00:25.298, 207
12:00:25.309, 192
12:00:25.337, 185
12:00:25.353, 182
12:00:25.379, 180
12:00:25.392, 182
12:00:25.404, 183
12:00:25.417, 183
12:00:25.428, 184
12:00:25.482, 183
12:00:25.492, 184
12:00:25.526, 182
12:00:25.537, 181
12:00:25.567, 182
12:00:25.578, 182
12:00:25.610, 182
12:00:25.622, 182
12:00:25.667, 183
12:00:25.685, 183
12:00:25.722, 182
12:00:25.732, 185
12:00:25.766, 183
12:00:25.776, 183
12:00:25.805, 185
12:00:25.815, 187
12:00:25.854, 189
12:00:25.865, 189
12:00:25.902, 187
12:00:25.919, 188
12:00:25.963, 189
12:00:25.973, 236
12:00:26.001, 186
12:00:26.012, 179
12:00:26.049, 185
12:00:26.059, 189
12:00:26.097, 192
12:00:26.108, 195
12:00:26.148, 203
12:00:26.158, 218
12:00:26.205, 223
12:00:26.215, 222
12:00:26.254, 217
12:00:26.268, 197
12:00:26.295, 165
12:00:26.306, 155
12:00:26.352, 149
12:00:26.363, 149
12:00:26.405, 153
12:00:26.416, 159
12:00:26.439, 172
12:00:26.473, 178
12:00:26.500, 180
12:00:26.511, 186
12:00:26.548, 186
12:00:26.557, 189
12:00:26.590, 192
12:00:26.602, 191
12:00:26.649, 190
12:00:26.665, 190
12:00:26.706, 188
12:00:26.720, 190
12:00:26.731, 196
12:00:26.772, 198
12:00:26.782, 197
12:00:26.809, 199
12:00:26.841, 234
12:00:26.857, 208
12:00:26.893, 183
12:00:26.903, 191
12:00:26.940, 197
12:00:26.951, 199
12:00:27.000, 200
12:00:27.011, 203
12:00:27.050, 206
12:00:27.067, 209
12:00:27.097, 215
12:00:27.107, 214
12:00:27.143, 206
12:00:27.153, 196
12:00:27.180, 187
12:00:27.191, 186
12:00:27.237, 183
12:00:27.249, 182
12:00:27.267, 183
12:00:27.283, 184
12:00:27.316, 185
12:00:27.326, 182
12:00:27.382, 183
12:00:27.394, 184
12:00:27.414, 184
12:00:27.430, 184
12:00:27.462, 184
12:00:27.478, 185
12:00:27.511, 183
12:00:27.539, 184
12:00:27.571, 185
12:00:27.582, 185
12:00:27.610, 186
12:00:27.621, 189
12:00:27.670, 186
12:00:27.680, 185
12:00:27.708, 187
12:00:27.717, 237
12:00:27.784, 181
12:00:27.800, 176
12:00:27.810, 183
12:00:27.821, 187
12:00:27.860, 191
12:00:27.870, 193
12:00:27.908, 195
12:00:27.918, 198
12:00:27.963, 207
12:00:27.976, 209
12:00:28.024, 208
12:00:28.038, 197
12:00:28.073, 183
12:00:28.084, 181
12:00:28.131, 179
12:00:28.142, 180
12:00:28.192, 180
12:00:28.204, 181
12:00:28.215, 182
12:00:28.226, 181
12:00:28.259, 181
12:00:28.274, 180
12:00:28.301, 180
12:00:28.311, 184
12:00:28.341, 183
12:00:28.351, 183
12:00:28.406, 186
12:00:28.416, 185
12:00:28.444, 186
12:00:28.460, 185
12:00:28.488, 188
12:00:28.499, 186
12:00:28.543, 185
12:00:28.554, 188
12:00:28.585, 225
12:00:28.596, 190
12:00:28.637, 185
12:00:28.653, 190
12:00:28.682, 193
12:00:28.695, 195
12:00:28.731, 197
12:00:28.742, 201
12:00:28.792, 204
12:00:28.802, 210
12:00:28.849, 212
12:00:28.869, 203
12:00:28.903, 195
12:00:28.921, 189
12:00:28.952, 187
12:00:28.962, 186
12:00:28.993, 185
12:00:29.004, 186
12:00:29.041, 187
12:00:29.051, 188
12:00:29.071, 189
12:00:29.108, 187
12:00:29.138, 188
12:00:29.150, 188
12:00:29.188, 188
12:00:29.205, 189
12:00:29.236, 189
12:00:29.247, 188
12:00:29.336, 189
12:00:29.347, 187
12:00:29.375, 189
12:00:29.386, 192
12:00:29.421, 191
12:00:29.439, 189
12:00:29.486, 190
12:00:29.496, 232
12:00:29.539, 179
12:00:29.550, 178
12:00:29.600, 188
12:00:29.611, 189
12:00:29.623, 193
12:00:29.659, 193
12:00:29.669, 199
12:00:29.715, 202
12:00:29.726, 206
12:00:29.771, 209
12:00:29.782, 199
12:00:29.847, 190
12:00:29.857, 185
12:00:29.883, 183
12:00:29.894, 185
12:00:29.922, 184
12:00:29.933, 185
12:00:29.959, 183
12:00:29.970, 183
12:00:29.997, 183
12:00:30.007, 184
12:00:30.025, 184
12:00:30.054, 185
12:00:30.064, 184
12:00:30.102, 185
12:00:30.119, 184
12:00:30.154, 186
12:00:30.166, 185
12:00:30.203, 185
12:00:30.213, 187
12:00:30.226, 187
12:00:30.259, 186
12:00:30.269, 191
12:00:30.298, 190
12:00:30.309, 194
12:00:30.336, 191
12:00:30.353, 188
12:00:30.379, 188
12:00:30.389, 237
12:00:30.416, 177
12:00:30.446, 184
12:00:30.457, 193
12:00:30.494, 201
12:00:30.506, 198
12:00:30.545, 196
12:00:30.556, 199
12:00:30.584, 201
12:00:30.594, 208
12:00:30.634, 214
12:00:30.644, 210
12:00:30.690, 201
12:00:30.700, 193
12:00:30.743, 186
12:00:30.754, 186
12:00:30.781, 185
12:00:30.791, 185
12:00:30.849, 184
12:00:30.866, 182
12:00:30.895, 182
12:00:30.906, 181
12:00:30.941, 182
12:00:30.952, 184
12:00:30.983, 183
12:00:30.994, 184
12:00:31.051, 183
12:00:31.062, 183
12:00:31.098, 184
12:00:31.109, 184
12:00:31.137, 185
12:00:31.147, 185
12:00:31.174, 186
12:00:31.185, 186
12:00:31.219, 185
12:00:31.232, 186
12:00:31.265, 188
12:00:31.275, 186
12:00:31.326, 185
12:00:31.336, 185
12:00:31.379, 190
12:00:31.390, 236
12:00:31.421, 176
12:00:31.432, 187
12:00:31.465, 192
12:00:31.475, 194
12:00:31.523, 198
12:00:31.533, 199
12:00:31.565, 203
12:00:31.576, 205
12:00:31.606, 216
12:00:31.616, 214
12:00:31.655, 198
12:00:31.673, 185
12:00:31.711, 174
12:00:31.722, 169
12:00:31.788, 161
12:00:31.798, 170
12:00:31.809, 173
12:00:31.819, 183
12:00:31.850, 189
12:00:31.863, 190
12:00:31.905, 192
12:00:31.916, 192
12:00:31.981, 193
12:00:31.991, 192
12:00:32.019, 189
12:00:32.047, 190
12:00:32.062, 194
12:00:32.109, 193
12:00:32.120, 198
12:00:32.150, 198
12:00:32.161, 197
12:00:32.190, 198
12:00:32.201, 228
12:00:32.271, 201
12:00:32.282, 179
12:00:32.315, 192
12:00:32.325, 194
12:00:32.353, 196
12:00:32.363, 198
12:00:32.391, 201
12:00:32.401, 206
12:00:32.437, 208
12:00:32.451, 213
12:00:32.481, 211
12:00:32.492, 203
12:00:32.520, 195
12:00:32.532, 185
12:00:32.579, 185
12:00:32.589, 184
12:00:32.630, 186
12:00:32.641, 188
12:00:32.655, 187
12:00:32.686, 187
12:00:32.697, 185
12:00:32.728, 185
12:00:32.779, 186
12:00:32.790, 186
12:00:32.824, 186
12:00:32.835, 187
12:00:32.844, 186
12:00:32.880, 186
12:00:32.890, 185
12:00:32.928, 185
12:00:32.940, 188
12:00:32.990, 190
12:00:33.000, 190
12:00:33.051, 189
12:00:33.062, 219
12:00:33.074, 177
12:00:33.105, 186
12:00:33.134, 191
12:00:33.150, 196
12:00:33.179, 200
12:00:33.189, 202
12:00:33.217, 202
12:00:33.232, 205
12:00:33.273, 210
12:00:33.284, 215
12:00:33.312, 207
12:00:33.329, 197
12:00:33.375, 191
12:00:33.386, 188
12:00:33.414, 187
12:00:33.424, 187
12:00:33.459, 188
12:00:33.472, 190
12:00:33.539, 187
12:00:33.564, 187
12:00:33.615, 188
12:00:33.626, 187
12:00:33.639, 187
12:00:33.649, 188
12:00:33.662, 188
12:00:33.694, 188
12:00:33.704, 187
12:00:33.739, 189
12:00:33.768, 188
12:00:33.778, 189
12:00:33.815, 191
12:00:33.825, 192
12:00:33.860, 190
12:00:33.871, 190
12:00:33.899, 195
12:00:33.909, 239
12:00:33.949, 183
12:00:33.960, 190
12:00:34.026, 194
12:00:34.036, 196
12:00:34.046, 198
12:00:34.058, 199
12:00:34.100, 203
12:00:34.110, 207
12:00:34.144, 211
12:00:34.154, 215
12:00:34.200, 203
12:00:34.212, 193
12:00:34.241, 188
12:00:34.252, 186
12:00:34.288, 186
12:00:34.299, 188
12:00:34.347, 188
12:00:34.357, 189
12:00:34.386, 190
12:00:34.396, 189
12:00:34.433, 188
12:00:34.444, 187
12:00:34.490, 188
12:00:34.500, 189
12:00:34.549, 188
12:00:34.565, 189
12:00:34.594, 189
12:00:34.605, 189
12:00:34.747, 190
12:00:34.760, 192
12:00:34.804, 191
12:00:34.822, 189
12:00:34.871, 190
12:00:34.884, 226
12:00:34.983, 199
12:00:34.998, 178
12:00:35.042, 187
12:00:35.052, 195
12:00:35.063, 198
12:00:35.098, 199
12:00:35.117, 202
12:00:35.146, 203
12:00:35.158, 211
12:00:35.207, 215
12:00:35.224, 214
12:00:35.265, 205
12:00:35.277, 190
12:00:35.309, 187
12:00:35.320, 187
12:00:35.368, 186
12:00:35.389, 188
12:00:35.419, 189
12:00:35.430, 189
12:00:35.440, 190
12:00:35.452, 189
12:00:35.489, 189
12:00:35.501, 188
12:00:35.530, 188
12:00:35.540, 189
12:00:35.569, 189
12:00:35.579, 189
12:00:35.608, 190
12:00:35.626, 189
12:00:35.663, 190
12:00:35.674, 191
12:00:35.721, 191
12:00:35.733, 191
12:00:35.765, 190
12:00:35.775, 193
12:00:35.804, 196
12:00:35.821, 192
12:00:35.862, 193
12:00:35.872, 191
12:00:35.906, 215
12:00:35.916, 180
12:00:35.947, 189
12:00:35.958, 194
12:00:35.985, 196
12:00:35.996, 199
12:00:36.029, 201
12:00:36.050, 202
12:00:36.078, 206
12:00:36.089, 215
12:00:36.121, 215
12:00:36.131, 211
12:00:36.160, 201
12:00:36.172, 194
12:00:36.201, 190
12:00:36.222, 188
12:00:36.273, 189
12:00:36.284, 189
12:00:36.314, 191
12:00:36.346, 190
12:00:36.357, 189
12:00:36.386, 190
12:00:36.398, 189
12:00:36.445, 189
12:00:36.457, 189
12:00:36.488, 188
12:00:36.498, 189
12:00:36.526, 189
12:00:36.537, 192
12:00:36.565, 191
12:00:36.575, 191
12:00:36.610, 191
12:00:36.626, 190
12:00:36.637, 191
12:00:36.649, 191
12:00:36.660, 191
12:00:36.692, 192
12:00:36.704, 192
12:00:36.737, 192
12:00:36.755, 196
12:00:36.797, 195
12:00:36.810, 192
12:00:36.896, 193
12:00:36.909, 201
12:00:36.951, 239
12:00:36.962, 182
12:00:36.994, 188
12:00:37.017, 195
12:00:37.051, 197
12:00:37.062, 198
12:00:37.093, 199
12:00:37.103, 203
12:00:37.134, 207
12:00:37.215, 211
12:00:37.255, 214
12:00:37.266, 203
12:00:37.293, 194
12:00:37.316, 190
12:00:37.347, 188
12:00:37.357, 188
12:00:37.385, 188
12:00:37.405, 188
12:00:37.435, 189
12:00:37.445, 189
12:00:37.458, 190
12:00:37.497, 189
12:00:37.507, 188
12:00:37.543, 189
12:00:37.554, 188
12:00:37.599, 189
12:00:37.609, 189
12:00:37.639, 189
12:00:37.650, 189
12:00:37.662, 190
12:00:37.695, 189
12:00:37.707, 190
12:00:37.736, 189
12:00:37.753, 190
12:00:37.802, 190
12:00:37.812, 190
12:00:37.841, 192
12:00:37.855, 192
12:00:37.884, 195
12:00:37.895, 192
12:00:37.924, 190
12:00:37.941, 191
12:00:37.970, 198
12:00:37.986, 183
12:00:38.019, 186
12:00:38.029, 192
12:00:38.042, 196
12:00:38.073, 197
12:00:38.088, 202
12:00:38.118, 203
12:00:38.128, 205
12:00:38.157, 210
12:00:38.167, 214
12:00:38.197, 214
12:00:38.206, 204
12:00:38.238, 193
12:00:38.255, 190
12:00:38.288, 186
12:00:38.299, 186
12:00:38.327, 186
12:00:38.338, 186
12:00:38.368, 187
12:00:38.378, 187
12:00:38.410, 186
12:00:38.426, 189
12:00:38.436, 189
12:00:38.447, 190
12:00:38.481, 190
12:00:38.491, 189
12:00:38.522, 190
12:00:38.534, 190
12:00:38.563, 191
12:00:38.579, 192
12:00:38.608, 191
12:00:38.618, 193
12:00:38.649, 193
12:00:38.662, 194
12:00:38.690, 195
12:00:38.701, 191
12:00:38.730, 192
12:00:38.747, 193
12:00:38.788, 231
12:00:38.799, 179
12:00:38.837, 186
12:00:38.847, 194
12:00:38.879, 198
12:00:38.889, 200
12:00:38.942, 201
12:00:38.952, 201
12:00:38.986, 208
12:00:38.996, 212
12:00:39.033, 213
12:00:39.043, 208
12:00:39.076, 191
12:00:39.087, 186
12:00:39.144, 185
12:00:39.157, 185
12:00:39.218, 186
12:00:39.236, 187
12:00:39.248, 189
12:00:39.260, 189
12:00:39.272, 188
12:00:39.307, 187
12:00:39.324, 187
12:00:39.353, 186
12:00:39.363, 188
12:00:39.393, 187
12:00:39.422, 187
12:00:39.434, 188
12:00:39.472, 188
12:00:39.482, 188
12:00:39.519, 187
12:00:39.534, 191
12:00:39.569, 191
12:00:39.579, 189
12:00:39.630, 189
12:00:39.643, 188
12:00:39.677, 210
12:00:39.687, 177
12:00:39.723, 187
12:00:39.733, 192
12:00:39.762, 196
12:00:39.772, 196
12:00:39.811, 198
12:00:39.825, 200
12:00:39.871, 207
12:00:39.884, 212
12:00:39.922, 211
12:00:39.933, 205
12:00:39.972, 195
12:00:39.983, 189
12:00:40.047, 184
12:00:40.057, 183
12:00:40.068, 184
12:00:40.109, 185
12:00:40.119, 185
12:00:40.150, 186
12:00:40.160, 185
12:00:40.190, 185
12:00:40.201, 186
12:00:40.234, 184
12:00:40.303, 185
12:00:40.339, 186
12:00:40.349, 186
12:00:40.379, 187
12:00:40.388, 186
12:00:40.417, 188
12:00:40.427, 187
12:00:40.437, 188
12:00:40.450, 190
12:00:40.486, 187
12:00:40.496, 188
12:00:40.543, 188
12:00:40.553, 184
12:00:40.583, 175
12:00:40.593, 187
12:00:40.630, 191
12:00:40.640, 195
12:00:40.656, 196
12:00:40.689, 199
12:00:40.699, 200
12:00:40.748, 204
12:00:40.758, 208
12:00:40.819, 211
12:00:40.829, 203
12:00:40.841, 193
12:00:40.851, 187
12:00:40.888, 184
12:00:40.898, 184
12:00:40.917, 186
12:00:40.928, 185
12:00:40.985, 186
12:00:40.996, 186
12:00:41.015, 185
12:00:41.053, 185
12:00:41.065, 184
12:00:41.097, 186
12:00:41.127, 185
12:00:41.137, 185
12:00:41.174, 188
12:00:41.186, 189
12:00:41.222, 184
12:00:41.234, 183
12:00:41.276, 182
12:00:41.286, 186
12:00:41.330, 194
12:00:41.340, 201
12:00:41.376, 199
12:00:41.388, 198
12:00:41.439, 192
12:00:41.449, 226
12:00:41.488, 176
12:00:41.498, 174
12:00:41.536, 184
12:00:41.548, 188
12:00:41.587, 194
12:00:41.599, 194
12:00:41.659, 196
12:00:41.673, 198
12:00:41.711, 206
12:00:41.723, 210
12:00:41.764, 206
12:00:41.776, 199
12:00:41.849, 182
12:00:41.860, 179
12:00:41.890, 179
12:00:41.901, 179
12:00:41.931, 180
12:00:41.943, 181
12:00:41.973, 181
12:00:41.986, 182
12:00:42.040, 181
12:00:42.053, 182
12:00:42.099, 179
12:00:42.110, 179
12:00:42.145, 179
12:00:42.155, 179
12:00:42.186, 181
12:00:42.196, 182
12:00:42.235, 183
12:00:42.246, 183
12:00:42.256, 184
12:00:42.291, 185
12:00:42.301, 188
12:00:42.333, 185
12:00:42.343, 185
12:00:42.374, 184
12:00:42.390, 230
12:00:42.423, 176
12:00:42.434, 173
12:00:42.444, 185
12:00:42.454, 192
12:00:42.466, 192
12:00:42.502, 195
12:00:42.513, 195
12:00:42.548, 202
12:00:42.559, 206
12:00:42.588, 209
12:00:42.599, 206
12:00:42.640, 196
12:00:42.652, 189
12:00:42.688, 181
12:00:42.699, 179
12:00:42.749, 180
12:00:42.761, 181
12:00:42.792, 181
12:00:42.807, 183
12:00:42.859, 181
12:00:42.871, 182
12:00:42.922, 182
12:00:42.938, 181
12:00:42.989, 181
12:00:42.999, 182
12:00:43.054, 182
12:00:43.065, 182
12:00:43.097, 183
12:00:43.107, 186
12:00:43.159, 184
12:00:43.176, 184
12:00:43.206, 183
12:00:43.217, 223
12:00:43.263, 184
12:00:43.274, 167
12:00:43.304, 185
12:00:43.315, 188
12:00:43.367, 191
12:00:43.385, 193
12:00:43.415, 197
12:00:43.426, 200
12:00:43.439, 203
12:00:43.449, 205
12:00:43.459, 204
12:00:43.469, 195
12:00:43.480, 181
12:00:43.523, 178
12:00:43.534, 178
12:00:43.581, 178
12:00:43.592, 180
12:00:43.646, 180
12:00:43.657, 181
12:00:43.713, 180
12:00:43.723, 179
12:00:43.780, 179
12:00:43.796, 178
12:00:43.837, 179
12:00:43.847, 180
12:00:43.861, 179
12:00:43.912, 181
12:00:43.926, 182
12:00:43.977, 182
12:00:43.987, 182
12:00:44.031, 186
12:00:44.041, 234
12:00:44.054, 171
12:00:44.100, 171
12:00:44.110, 186
12:00:44.153, 188
12:00:44.164, 190
12:00:44.198, 190
12:00:44.208, 195
12:00:44.241, 199
12:00:44.253, 203
12:00:44.285, 205
12:00:44.296, 200
12:00:44.353, 192
12:00:44.364, 178
12:00:44.398, 177
12:00:44.409, 177
12:00:44.463, 177
12:00:44.474, 179
12:00:44.505, 180
12:00:44.516, 180
12:00:44.558, 181
12:00:44.568, 180
12:00:44.599, 179
12:00:44.610, 178
12:00:44.643, 179
12:00:44.653, 181
12:00:44.664, 184
12:00:44.675, 181
12:00:44.712, 180
12:00:44.722, 179
12:00:44.774, 179
12:00:44.792, 220
12:00:44.843, 167
12:00:44.855, 176
12:00:44.893, 183
12:00:44.905, 187
12:00:44.937, 189
12:00:44.947, 189
12:00:44.982, 193
12:00:44.992, 199
12:00:45.023, 202
12:00:45.033, 203
12:00:45.044, 196
12:00:45.062, 187
12:00:45.094, 181
12:00:45.104, 175
12:00:45.156, 177
12:00:45.166, 177
12:00:45.230, 178
12:00:45.241, 180
12:00:45.254, 179
12:00:45.293, 179
12:00:45.303, 178
12:00:45.335, 179
12:00:45.346, 179
12:00:45.378, 179
12:00:45.389, 179
12:00:45.446, 180
12:00:45.459, 179
12:00:45.509, 183
12:00:45.521, 184
12:00:45.553, 183
12:00:45.564, 182
12:00:45.621, 180
12:00:45.631, 208
12:00:45.641, 198
12:00:45.652, 168
12:00:45.669, 183
12:00:45.703, 184
12:00:45.714, 188
12:00:45.747, 190
12:00:45.766, 195
12:00:45.798, 198
12:00:45.810, 200
12:00:45.875, 205
12:00:45.887, 203
12:00:45.917, 197
12:00:45.927, 181
12:00:46.010, 178
12:00:46.020, 180
12:00:46.054, 179
12:00:46.071, 183
12:00:46.110, 185
12:00:46.120, 184
12:00:46.162, 185
12:00:46.173, 184
12:00:46.215, 181
12:00:46.227, 179
12:00:46.239, 177
12:00:46.258, 178
12:00:46.293, 179
12:00:46.305, 180
12:00:46.336, 181
12:00:46.348, 182
12:00:46.397, 183
12:00:46.407, 183
12:00:46.450, 183
12:00:46.468, 184
12:00:46.508, 183
12:00:46.518, 183
12:00:46.562, 186
12:00:46.573, 189
12:00:46.626, 186
12:00:46.637, 184
12:00:46.647, 184
12:00:46.663, 222
12:00:46.700, 184
12:00:46.711, 175
12:00:46.741, 184
12:00:46.752, 187
12:00:46.783, 188
12:00:46.810, 189
12:00:46.849, 192
12:00:46.866, 199
12:00:46.903, 205
12:00:46.913, 210
12:00:46.944, 210
12:00:46.953, 192
12:00:46.983, 186
12:00:46.993, 181
12:00:47.034, 181
12:00:47.045, 182
12:00:47.055, 181
12:00:47.066, 182
12:00:47.105, 180
12:00:47.115, 180
12:00:47.167, 180
12:00:47.177, 177
12:00:47.244, 179
12:00:47.254, 176
12:00:47.265, 176
12:00:47.298, 178
12:00:47.311, 181
12:00:47.342, 183
12:00:47.352, 181
12:00:47.383, 182
12:00:47.399, 183
12:00:47.438, 182
12:00:47.449, 183
12:00:47.490, 183
12:00:47.500, 188
12:00:47.537, 185
12:00:47.549, 183
12:00:47.595, 183
12:00:47.612, 188
12:00:47.652, 170
12:00:47.663, 171
12:00:47.710, 179
12:00:47.721, 184
12:00:47.775, 188
12:00:47.788, 188
12:00:47.838, 190
12:00:47.849, 193
12:00:47.881, 201
12:00:47.891, 202
12:00:47.922, 197
12:00:47.932, 189
12:00:47.963, 181
12:00:47.979, 178
12:00:48.011, 176
12:00:48.021, 176
12:00:48.058, 178
12:00:48.068, 177
12:00:48.102, 177
12:00:48.112, 176
12:00:48.150, 175
12:00:48.167, 177
12:00:48.221, 175
12:00:48.233, 174
12:00:48.246, 175
12:00:48.256, 176
12:00:48.266, 176
12:00:48.276, 178
12:00:48.309, 177
12:00:48.325, 177
12:00:48.358, 174
12:00:48.369, 175
12:00:48.400, 178
12:00:48.410, 180
12:00:48.449, 178
12:00:48.461, 177
12:00:48.511, 177
12:00:48.527, 218
12:00:48.580, 176
12:00:48.590, 170
12:00:48.642, 182
12:00:48.653, 184
12:00:48.664, 186
12:00:48.701, 187
12:00:48.713, 191
12:00:48.752, 192
12:00:48.769, 198
12:00:48.800, 202
12:00:48.810, 200
12:00:48.843, 193
12:00:48.856, 179
12:00:48.897, 176
12:00:48.912, 176
12:00:48.967, 176
12:00:48.977, 175
12:00:49.033, 178
12:00:49.044, 180
12:00:49.055, 182
12:00:49.066, 181
12:00:49.102, 175
12:00:49.118, 181
12:00:49.151, 181
12:00:49.162, 181
12:00:49.196, 180
12:00:49.205, 181
12:00:49.240, 182
12:00:49.250, 184
12:00:49.345, 183
12:00:49.409, 186
12:00:49.420, 183
12:00:49.454, 183
12:00:49.465, 181
12:00:49.500, 215
12:00:49.511, 168
12:00:49.543, 177
12:00:49.553, 183
12:00:49.590, 186
12:00:49.601, 189
12:00:49.636, 194
12:00:49.651, 197
12:00:49.683, 200
12:00:49.692, 204
12:00:49.725, 208
12:00:49.735, 204
12:00:49.773, 193
12:00:49.784, 186
12:00:49.832, 183
12:00:49.844, 184
12:00:49.881, 186
12:00:49.891, 185
12:00:49.924, 183
12:00:49.940, 182
12:00:49.972, 180
12:00:49.983, 180
12:00:50.049, 180
12:00:50.061, 181
12:00:50.098, 182
12:00:50.108, 181
12:00:50.141, 182
12:00:50.157, 184
12:00:50.188, 179
12:00:50.198, 181
12:00:50.238, 184
12:00:50.250, 233
12:00:50.283, 172
12:00:50.294, 182
12:00:50.350, 186
12:00:50.367, 187
12:00:50.401, 189
12:00:50.411, 189
12:00:50.453, 191
12:00:50.464, 195
12:00:50.496, 198
12:00:50.506, 200
12:00:50.537, 188
12:00:50.555, 180
12:00:50.590, 178
12:00:50.600, 176
12:00:50.632, 177
12:00:50.643, 177
12:00:50.653, 178
12:00:50.665, 179
12:00:50.701, 179
12:00:50.718, 181
12:00:50.756, 178
12:00:50.767, 178
12:00:50.845, 180
12:00:50.855, 181
12:00:50.865, 179
12:00:50.880, 180
12:00:50.914, 178
12:00:50.925, 177
12:00:50.956, 187
12:00:50.966, 164
12:00:50.999, 177
12:00:51.010, 183
12:00:51.056, 188
12:00:51.074, 189
12:00:51.114, 189
12:00:51.125, 194
12:00:51.182, 196
12:00:51.193, 201
12:00:51.240, 203
12:00:51.252, 194
12:00:51.284, 186
12:00:51.300, 180
12:00:51.332, 178
12:00:51.342, 178
12:00:51.374, 179
12:00:51.384, 180
12:00:51.420, 179
12:00:51.430, 180
12:00:51.440, 180
12:00:51.457, 179
12:00:51.492, 181
12:00:51.502, 180
12:00:51.537, 179
12:00:51.549, 179
12:00:51.591, 178
12:00:51.603, 206
12:00:51.651, 167
12:00:51.671, 179
12:00:51.720, 183
12:00:51.730, 186
12:00:51.778, 190
12:00:51.789, 193
12:00:51.840, 194
12:00:51.851, 197
12:00:51.863, 206
12:00:51.904, 202
12:00:51.915, 194
12:00:51.949, 184
12:00:51.959, 182
12:00:51.993, 179
12:00:52.003, 178
12:00:52.055, 180
12:00:52.072, 181
12:00:52.105, 182
12:00:52.117, 181
12:00:52.151, 181
12:00:52.162, 184
12:00:52.217, 183
12:00:52.270, 182
12:00:52.304, 182
12:00:52.322, 181
12:00:52.357, 184
12:00:52.367, 186
12:00:52.400, 184
12:00:52.410, 183
12:00:52.442, 182
12:00:52.455, 203
12:00:52.490, 211
12:00:52.506, 179
12:00:52.547, 185
12:00:52.557, 187
12:00:52.599, 190
12:00:52.609, 194
12:00:52.651, 196
12:00:52.663, 199
12:00:52.705, 202
12:00:52.721, 209
12:00:52.763, 201
12:00:52.773, 191
12:00:52.821, 185
12:00:52.835, 182
12:00:52.846, 181
12:00:52.874, 181
12:00:52.910, 181
12:00:52.921, 181
12:00:52.956, 182
12:00:52.966, 180
12:00:53.025, 180
12:00:53.040, 179
12:00:53.050, 179
12:00:53.060, 181
12:00:53.077, 180
12:00:53.120, 182
12:00:53.130, 183
12:00:53.172, 184
12:00:53.182, 183
12:00:53.226, 183
12:00:53.236, 185
12:00:53.251, 230
12:00:53.297, 174
12:00:53.307, 182
12:00:53.339, 185
12:00:53.351, 188
12:00:53.385, 191
12:00:53.397, 191
12:00:53.435, 195
12:00:53.447, 199
12:00:53.488, 203
12:00:53.498, 200
12:00:53.531, 190
12:00:53.541, 185
12:00:53.579, 179
12:00:53.589, 178
12:00:53.623, 178
12:00:53.632, 180
12:00:53.652, 181
12:00:53.689, 181
12:00:53.700, 179
12:00:53.741, 178
12:00:53.752, 178
12:00:53.810, 179
12:00:53.820, 180
12:00:53.887, 181
12:00:53.897, 179
12:00:53.957, 181
12:00:53.966, 182
12:00:54.024, 184
12:00:54.034, 181
12:00:54.044, 183
12:00:54.062, 185
12:00:54.097, 182
12:00:54.107, 181
12:00:54.142, 186
12:00:54.152, 226
12:00:54.185, 172
12:00:54.196, 183
12:00:54.229, 185
12:00:54.245, 188
12:00:54.256, 189
12:00:54.293, 193
12:00:54.303, 196
12:00:54.347, 198
12:00:54.358, 203
12:00:54.394, 206
12:00:54.405, 203
12:00:54.461, 184
12:00:54.472, 180
12:00:54.509, 179
12:00:54.519, 177
12:00:54.582, 180
12:00:54.592, 181
12:00:54.626, 179
12:00:54.639, 180
12:00:54.658, 180
12:00:54.700, 179
12:00:54.710, 179
12:00:54.752, 180
12:00:54.762, 180
12:00:54.807, 181
12:00:54.817, 180
12:00:54.856, 180
12:00:54.874, 181
12:00:54.918, 182
12:00:54.928, 183
12:00:54.985, 185
12:00:54.995, 183
12:00:55.029, 182
12:00:55.040, 182
12:00:55.056, 207
12:00:55.067, 205
12:00:55.106, 169
12:00:55.116, 184
12:00:55.172, 186
12:00:55.183, 189
12:00:55.242, 189
12:00:55.253, 193
12:00:55.270, 193
12:00:55.304, 201
12:00:55.314, 204
12:00:55.347, 203
12:00:55.357, 196
12:00:55.390, 182
12:00:55.400, 177
12:00:55.435, 178
12:00:55.452, 176
12:00:55.486, 179
12:00:55.497, 179
12:00:55.532, 179
12:00:55.543, 181
12:00:55.596, 180
12:00:55.606, 180
12:00:55.658, 179
12:00:55.675, 179
12:00:55.711, 179
12:00:55.721, 179
12:00:55.757, 179
12:00:55.767, 181
12:00:55.800, 180
12:00:55.811, 184
12:00:55.858, 181
12:00:55.875, 180
12:00:55.914, 179
12:00:55.934, 185
12:00:55.983, 169
12:00:55.995, 174
12:00:56.058, 183
12:00:56.073, 185
12:00:56.111, 187
12:00:56.121, 191
12:00:56.169, 192
12:00:56.180, 197
12:00:56.237, 200
12:00:56.247, 203
12:00:56.261, 199
12:00:56.309, 190
12:00:56.319, 183
12:00:56.356, 181
12:00:56.366, 179
12:00:56.409, 178
12:00:56.420, 181
12:00:56.460, 181
12:00:56.472, 181
12:00:56.511, 180
12:00:56.520, 179
12:00:56.554, 180
12:00:56.564, 181
12:00:56.601, 181
12:00:56.611, 181
12:00:56.646, 180
12:00:56.658, 181
12:00:56.703, 181
12:00:56.714, 185
12:00:56.771, 183
12:00:56.781, 182
12:00:56.845, 183
12:00:56.855, 226
12:00:56.866, 174
12:00:56.904, 175
12:00:56.920, 182
12:00:56.955, 189
12:00:56.966, 190
12:00:56.999, 192
12:00:57.018, 194
12:00:57.052, 196
12:00:57.063, 201
12:00:57.099, 207
12:00:57.110, 201
12:00:57.164, 193
12:00:57.174, 184
12:00:57.230, 178
12:00:57.240, 180
12:00:57.250, 179
12:00:57.261, 180
12:00:57.301, 180
12:00:57.311, 180
12:00:57.347, 181
12:00:57.358, 180
12:00:57.392, 180
12:00:57.404, 180
12:00:57.466, 182
12:00:57.477, 181
12:00:57.524, 181
12:00:57.537, 181
12:00:57.571, 185
12:00:57.581, 181
12:00:57.615, 182
12:00:57.627, 181
12:00:57.671, 182
12:00:57.683, 171
12:00:57.726, 182
12:00:57.740, 186
12:00:57.796, 187
12:00:57.806, 190
12:00:57.840, 193
12:00:57.852, 196
12:00:57.867, 201
12:00:57.901, 203
12:00:57.911, 202
12:00:57.946, 193
12:00:57.956, 185
12:00:57.990, 182
12:00:58.000, 180
12:00:58.075, 179
12:00:58.086, 180
12:00:58.119, 181
12:00:58.130, 181
12:00:58.164, 179
12:00:58.174, 181
12:00:58.208, 183
12:00:58.219, 181
12:00:58.266, 181
12:00:58.277, 182
12:00:58.314, 184
12:00:58.324, 182
12:00:58.383, 181
12:00:58.393, 179
12:00:58.429, 205
12:00:58.439, 196
12:00:58.456, 166
12:00:58.499, 184
12:00:58.509, 188
12:00:58.545, 190
12:00:58.556, 191
12:00:58.593, 195
12:00:58.604, 196
12:00:58.667, 204
12:00:58.684, 207
12:00:58.744, 204
12:00:58.754, 196
12:00:58.794, 182
12:00:58.805, 181
12:00:58.851, 182
12:00:58.868, 180
12:00:58.909, 183
12:00:58.920, 182
12:00:59.021, 182
12:00:59.033, 184
12:00:59.051, 181
12:00:59.066, 182
12:00:59.085, 181
12:00:59.123, 181
12:00:59.133, 182
12:00:59.178, 182
12:00:59.188, 182
12:00:59.225, 185
12:00:59.240, 183
12:00:59.251, 186
12:00:59.262, 185
12:00:59.303, 184
12:00:59.313, 184
12:00:59.349, 184
12:00:59.360, 183
12:00:59.395, 170
12:00:59.405, 183
12:00:59.446, 189
12:00:59.459, 190
12:00:59.510, 192
12:00:59.520, 194
12:00:59.574, 197
12:00:59.585, 200
12:00:59.633, 205
12:00:59.644, 205
12:00:59.664, 196
12:00:59.706, 189
12:00:59.717, 185
12:00:59.756, 180
12:00:59.767, 181
12:00:59.803, 180
12:00:59.814, 183
12:00:59.883, 183
12:00:59.901, 181
12:00:59.964, 181
12:00:59.974, 180
12:01:00.035, 182
12:01:00.050, 182
12:01:00.062, 182
12:01:00.074, 183
12:01:00.108, 184
12:01:00.125, 182
12:01:00.161, 181
12:01:00.222, 182
12:01:00.265, 184
12:01:00.283, 186
12:01:00.316, 185
12:01:00.327, 185
12:01:00.362, 186
12:01:00.372, 186
12:01:00.406, 187
12:01:00.416, 184
12:01:00.453, 191
12:01:00.464, 229
12:01:00.505, 175
12:01:00.517, 181
12:01:00.564, 189
12:01:00.574, 192
12:01:00.618, 192
12:01:00.628, 195
12:01:00.638, 198
12:01:00.648, 202
12:01:00.658, 207
12:01:00.670, 207
12:01:00.714, 201
12:01:00.725, 192
12:01:00.781, 184
12:01:00.791, 183
12:01:00.844, 183
12:01:00.855, 184
12:01:00.866, 185
12:01:00.876, 184
12:01:00.897, 183
12:01:00.948, 184
12:01:00.958, 184
12:01:00.994, 183
12:01:01.004, 183
12:01:01.041, 182
12:01:01.060, 182
12:01:01.071, 183
12:01:01.116, 182
12:01:01.126, 183
12:01:01.162, 186
12:01:01.172, 186
12:01:01.208, 184
12:01:01.229, 184
12:01:01.283, 187
12:01:01.295, 184
12:01:01.337, 187
12:01:01.348, 186
12:01:01.387, 187
12:01:01.399, 189
12:01:01.467, 189
12:01:01.478, 186
12:01:01.523, 186
12:01:01.535, 193
12:01:01.577, 236
12:01:01.589, 178
12:01:01.630, 185
12:01:01.640, 191
12:01:01.651, 193
12:01:01.661, 196
12:01:01.681, 197
12:01:01.718, 201
12:01:01.729, 204
12:01:01.764, 202
12:01:01.775, 193
12:01:01.808, 185
12:01:01.819, 181
12:01:01.866, 179
12:01:01.882, 179
12:01:01.917, 181
12:01:01.927, 182
12:01:01.965, 182
12:01:01.976, 181
12:01:02.012, 182
12:01:02.048, 182
12:01:02.110, 180
12:01:02.126, 182
12:01:02.164, 183
12:01:02.174, 181
12:01:02.208, 182
12:01:02.219, 181
12:01:02.264, 183
12:01:02.274, 182
12:01:02.320, 184
12:01:02.330, 183
12:01:02.376, 183
12:01:02.387, 187
12:01:02.427, 183
12:01:02.439, 182
12:01:02.450, 185
12:01:02.469, 186
12:01:02.506, 183
12:01:02.517, 183
12:01:02.579, 183
12:01:02.590, 206
12:01:02.646, 174
12:01:02.657, 180
12:01:02.694, 184
12:01:02.713, 188
12:01:02.773, 190
12:01:02.784, 192
12:01:02.849, 195
12:01:02.865, 196
12:01:02.920, 200
12:01:02.930, 202
12:01:02.966, 196
12:01:02.983, 186
12:01:03.018, 182
12:01:03.028, 177
12:01:03.073, 175
12:01:03.084, 178
12:01:03.119, 178
12:01:03.130, 178
12:01:03.165, 179
12:01:03.183, 179
12:01:03.218, 175
12:01:03.228, 178
12:01:03.264, 177
12:01:03.275, 180
12:01:03.317, 179
12:01:03.328, 177
12:01:03.378, 176
12:01:03.395, 177
12:01:03.458, 177
12:01:03.467, 177
12:01:03.503, 180
12:01:03.514, 178
12:01:03.550, 177
12:01:03.565, 178
12:01:03.600, 178
12:01:03.611, 180
12:01:03.647, 180
12:01:03.659, 180
12:01:03.696, 181
12:01:03.707, 178
12:01:03.744, 218
12:01:03.762, 183
12:01:03.798, 181
12:01:03.810, 183
12:01:03.863, 181
12:01:03.874, 182
12:01:03.941, 192
12:01:03.952, 190
12:01:03.988, 193
12:01:04.005, 200
12:01:04.043, 201
12:01:04.055, 196
12:01:04.096, 178
12:01:04.106, 177
12:01:04.169, 177
12:01:04.179, 183
12:01:04.222, 185
12:01:04.238, 181
12:01:04.249, 175
12:01:04.259, 179
12:01:04.272, 179
12:01:04.311, 181
12:01:04.321, 184
12:01:04.384, 181
12:01:04.396, 186
12:01:04.438, 188
12:01:04.449, 187
12:01:04.461, 189
12:01:04.507, 188
12:01:04.518, 190
12:01:04.559, 187
12:01:04.570, 188
12:01:04.615, 197
12:01:04.626, 194
12:01:04.669, 193
12:01:04.722, 199
12:01:04.740, 239
12:01:04.753, 186
12:01:04.789, 179
12:01:04.799, 190
12:01:04.844, 196
12:01:04.854, 197
12:01:04.866, 203
12:01:04.913, 202
12:01:04.923, 202
12:01:04.969, 197
12:01:04.980, 214
12:01:05.053, 213
12:01:05.072, 205
12:01:05.113, 197
12:01:05.123, 191
12:01:05.177, 189
12:01:05.190, 188
12:01:05.229, 188
12:01:05.244, 188
12:01:05.255, 196
12:01:05.272, 192
12:01:05.282, 193
12:01:05.319, 193
12:01:05.329, 191
12:01:05.364, 191
12:01:05.374, 190
12:01:05.412, 189
12:01:05.423, 189
12:01:05.470, 195
12:01:05.480, 196
12:01:05.515, 193
12:01:05.525, 195
12:01:05.574, 239
12:01:05.584, 192
12:01:05.620, 181
12:01:05.638, 193
12:01:05.651, 202
12:01:05.687, 204
12:01:05.699, 203
12:01:05.736, 205
12:01:05.747, 203
12:01:05.784, 206
12:01:05.796, 216
12:01:05.883, 212
12:01:05.894, 206
12:01:05.929, 198
12:01:05.940, 190
12:01:05.976, 189
12:01:05.987, 190
12:01:06.023, 192
12:01:06.034, 191
12:01:06.054, 193
12:01:06.095, 190
12:01:06.106, 190
12:01:06.143, 190
12:01:06.154, 190
12:01:06.191, 192
12:01:06.202, 192
12:01:06.242, 192
12:01:06.260, 190
12:01:06.271, 190
12:01:06.283, 192
12:01:06.325, 236
12:01:06.335, 189
12:01:06.372, 188
12:01:06.383, 193
12:01:06.420, 196
12:01:06.441, 198
12:01:06.483, 204
12:01:06.493, 204
12:01:06.530, 209
12:01:06.542, 212
12:01:06.586, 216
12:01:06.596, 213
12:01:06.637, 195
12:01:06.647, 191
12:01:06.657, 189
12:01:06.672, 190
12:01:06.716, 191
12:01:06.726, 192
12:01:06.766, 192
12:01:06.783, 192
12:01:06.832, 193
12:01:06.845, 196
12:01:06.857, 196
12:01:06.874, 194
12:01:06.910, 195
12:01:06.921, 200
12:01:06.969, 248
12:01:06.980, 187
12:01:07.026, 186
12:01:07.040, 194
12:01:07.051, 200
12:01:07.061, 202
12:01:07.071, 204
12:01:07.087, 207
12:01:07.099, 212
12:01:07.135, 214
12:01:07.151, 214
12:01:07.188, 206
12:01:07.199, 190
12:01:07.249, 188
12:01:07.263, 187
12:01:07.300, 187
12:01:07.310, 187
12:01:07.347, 188
12:01:07.364, 191
12:01:07.401, 190
12:01:07.410, 191
12:01:07.461, 190
12:01:07.471, 192
12:01:07.518, 192
12:01:07.540, 190
12:01:07.589, 190
12:01:07.599, 232
12:01:07.644, 181
12:01:07.656, 190
12:01:07.697, 191
12:01:07.708, 194
12:01:07.754, 198
12:01:07.774, 200
12:01:07.810, 202
12:01:07.821, 204
12:01:07.873, 210
12:01:07.887, 211
12:01:07.934, 203
12:01:07.945, 194
12:01:07.982, 189
12:01:07.997, 187
12:01:08.040, 187
12:01:08.050, 186
12:01:08.061, 186
12:01:08.099, 189
12:01:08.109, 188
12:01:08.157, 188
12:01:08.168, 188
12:01:08.209, 188
12:01:08.220, 188
12:01:08.267, 188
12:01:08.278, 192
12:01:08.317, 189
12:01:08.327, 189
12:01:08.370, 190
12:01:08.380, 228
12:01:08.433, 188
12:01:08.445, 180
12:01:08.455, 192
12:01:08.475, 196
12:01:08.535, 196
12:01:08.546, 198
12:01:08.586, 203
12:01:08.596, 206
12:01:08.655, 211
12:01:08.669, 214
12:01:08.710, 210
12:01:08.720, 200
12:01:08.758, 187
12:01:08.768, 187
12:01:08.836, 187
12:01:08.847, 187
12:01:08.858, 188
12:01:08.898, 188
12:01:08.909, 189
12:01:08.959, 188
12:01:08.969, 190
12:01:09.010, 190
12:01:09.027, 190
12:01:09.074, 191
12:01:09.084, 191
12:01:09.133, 191
12:01:09.146, 191
12:01:09.185, 191
12:01:09.197, 193
12:01:09.255, 192
12:01:09.266, 193
12:01:09.307, 193
12:01:09.318, 192
12:01:09.358, 193
12:01:09.368, 193
12:01:09.433, 193
12:01:09.442, 193
12:01:09.459, 192
12:01:09.499, 194
12:01:09.509, 193
12:01:09.546, 192
12:01:09.557, 191
12:01:09.595, 190
12:01:09.605, 203
12:01:09.645, 180
12:01:09.662, 183
12:01:09.702, 189
12:01:09.713, 191
12:01:09.759, 194
12:01:09.770, 196
12:01:09.807, 198
12:01:09.819, 202
12:01:09.881, 208
12:01:09.892, 208
12:01:09.958, 205
12:01:09.969, 196
12:01:10.032, 186
12:01:10.042, 186
12:01:10.053, 183
12:01:10.063, 185
12:01:10.110, 185
12:01:10.120, 186
12:01:10.159, 186
12:01:10.169, 186
12:01:10.205, 185
12:01:10.216, 185
12:01:10.260, 185
12:01:10.274, 185
12:01:10.320, 185
12:01:10.331, 186
12:01:10.369, 186
12:01:10.379, 186
12:01:10.416, 186
12:01:10.426, 187
12:01:10.443, 187
12:01:10.453, 186
12:01:10.469, 187
12:01:10.521, 188
12:01:10.531, 188
12:01:10.570, 187
12:01:10.580, 191
12:01:10.617, 190
12:01:10.628, 190
12:01:10.673, 189
12:01:10.690, 207
12:01:10.733, 236
12:01:10.745, 182
12:01:10.790, 187
12:01:10.811, 194
12:01:10.865, 194
12:01:10.876, 197
12:01:10.942, 197
12:01:10.953, 200
12:01:10.994, 203
12:01:11.004, 209
12:01:11.054, 211
12:01:11.065, 205
12:01:11.161, 195
12:01:11.171, 184
12:01:11.216, 182
12:01:11.229, 182
12:01:11.268, 181
12:01:11.281, 182
12:01:11.329, 183
12:01:11.339, 183
12:01:11.378, 183
12:01:11.421, 182
12:01:11.469, 182
12:01:11.510, 181
12:01:11.521, 181
12:01:11.561, 182
12:01:11.571, 182
12:01:11.608, 182
12:01:11.619, 183
12:01:11.687, 183
12:01:11.704, 183
12:01:11.742, 185
12:01:11.753, 183
12:01:11.823, 185
12:01:11.833, 186
12:01:11.843, 188
12:01:11.853, 188
12:01:11.864, 184
12:01:11.911, 185
12:01:11.921, 183
12:01:11.960, 206
12:01:11.971, 174
12:01:12.010, 183
12:01:12.033, 187
12:01:12.074, 189
12:01:12.086, 191
12:01:12.122, 195
12:01:12.133, 196
12:01:12.170, 199
12:01:12.180, 205
12:01:12.221, 205
12:01:12.231, 199
12:01:12.245, 190
12:01:12.264, 184
12:01:12.304, 181
12:01:12.314, 180
12:01:12.382, 181
12:01:12.392, 180
12:01:12.449, 181
12:01:12.461, 182
12:01:12.500, 181
12:01:12.518, 181
12:01:12.555, 180
12:01:12.565, 181
12:01:12.625, 181
12:01:12.636, 180
12:01:12.646, 181
12:01:12.656, 182
12:01:12.666, 182
12:01:12.716, 182
12:01:12.773, 182
12:01:12.815, 183
12:01:12.826, 183
12:01:12.884, 183
12:01:12.899, 183
12:01:12.938, 183
12:01:12.948, 186
12:01:13.031, 185
12:01:13.041, 184
12:01:13.052, 183
12:01:13.063, 183
12:01:13.101, 183
12:01:13.111, 175
12:01:13.158, 182
12:01:13.168, 185
12:01:13.206, 187
12:01:13.217, 190
12:01:13.266, 191
12:01:13.277, 195
12:01:13.317, 197
12:01:13.328, 200
12:01:13.374, 200
12:01:13.385, 194
12:01:13.430, 186
12:01:13.440, 185
12:01:13.454, 184
12:01:13.491, 184
12:01:13.503, 184
12:01:13.542, 182
12:01:13.560, 179
12:01:13.598, 179
12:01:13.609, 179
12:01:13.666, 180
12:01:13.679, 177
12:01:13.718, 177
12:01:13.730, 177
12:01:13.769, 178
12:01:13.786, 179
12:01:13.845, 177
12:01:13.856, 182
12:01:13.868, 180
12:01:13.907, 180
12:01:13.917, 180
12:01:13.957, 181
12:01:13.967, 182
12:01:14.037, 184
12:01:14.048, 183
12:01:14.064, 181
12:01:14.102, 182
12:01:14.113, 201
12:01:14.183, 207
12:01:14.194, 166
12:01:14.237, 178
12:01:14.261, 184
12:01:14.303, 186
12:01:14.314, 189
12:01:14.387, 189
12:01:14.398, 196
12:01:14.447, 200
12:01:14.458, 203
12:01:14.475, 204
12:01:14.524, 189
12:01:14.535, 189
12:01:14.583, 178
12:01:14.594, 176
12:01:14.647, 177
12:01:14.660, 178
12:01:14.702, 178
12:01:14.719, 178
12:01:14.759, 178
12:01:14.771, 178
12:01:14.808, 182
12:01:14.818, 185
12:01:14.862, 185
12:01:14.873, 179
12:01:14.910, 180
12:01:14.927, 180
12:01:14.967, 178
12:01:14.978, 178
12:01:15.035, 178
12:01:15.048, 184
12:01:15.058, 183
12:01:15.069, 181
12:01:15.080, 180
12:01:15.124, 215
12:01:15.134, 179
12:01:15.173, 169
12:01:15.183, 176
12:01:15.220, 181
12:01:15.230, 178
12:01:15.285, 181
12:01:15.299, 184
12:01:15.349, 190
12:01:15.366, 190
12:01:15.404, 200
12:01:15.414, 198
12:01:15.464, 188
12:01:15.477, 180
12:01:15.522, 173
12:01:15.531, 171
12:01:15.591, 171
12:01:15.601, 173
12:01:15.641, 175
12:01:15.652, 176
12:01:15.663, 175
12:01:15.701, 175
12:01:15.718, 175
12:01:15.760, 174
12:01:15.770, 176
12:01:15.811, 174
12:01:15.823, 175
12:01:15.898, 176
12:01:15.909, 175
12:01:15.950, 177
12:01:15.966, 179
12:01:16.005, 180
12:01:16.016, 176
12:01:16.078, 175
12:01:16.088, 181
12:01:16.127, 220
12:01:16.138, 167
12:01:16.199, 177
12:01:16.215, 179
12:01:16.255, 183
12:01:16.267, 186
12:01:16.313, 187
12:01:16.323, 189
12:01:16.361, 192
12:01:16.371, 197
12:01:16.411, 196
12:01:16.421, 184
12:01:16.471, 176
12:01:16.481, 173
12:01:16.533, 171
12:01:16.544, 171
12:01:16.589, 172
12:01:16.599, 172
12:01:16.661, 173
12:01:16.675, 173
12:01:16.718, 174
12:01:16.728, 174
12:01:16.794, 174
12:01:16.803, 173
12:01:16.854, 175
12:01:16.864, 176
12:01:16.882, 175
12:01:16.932, 178
12:01:16.942, 176
12:01:16.984, 180
12:01:16.995, 183
12:01:17.076, 181
12:01:17.086, 179
12:01:17.124, 177
12:01:17.141, 186
12:01:17.200, 221
12:01:17.210, 166
12:01:17.251, 181
12:01:17.261, 181
12:01:17.272, 188
12:01:17.283, 190
12:01:17.327, 191
12:01:17.345, 194
12:01:17.383, 200
12:01:17.396, 203
12:01:17.437, 206
12:01:17.446, 200
12:01:17.457, 185
12:01:17.467, 181
12:01:17.481, 180
12:01:17.526, 180
12:01:17.536, 182
12:01:17.576, 181
12:01:17.587, 182
12:01:17.634, 182
12:01:17.644, 182
12:01:17.655, 181
12:01:17.669, 182
12:01:17.721, 184
12:01:17.731, 181
12:01:17.781, 182
12:01:17.791, 182
12:01:17.834, 182
12:01:17.845, 185
12:01:17.858, 187
12:01:17.879, 184
12:01:17.947, 184
12:01:17.957, 182
12:01:17.997, 209
12:01:18.007, 170
12:01:18.054, 170
12:01:18.068, 187
12:01:18.107, 188
12:01:18.124, 192
12:01:18.167, 193
12:01:18.179, 198
12:01:18.220, 200
12:01:18.230, 202
12:01:18.286, 206
12:01:18.297, 197
12:01:18.353, 188
12:01:18.369, 182
12:01:18.411, 179
12:01:18.421, 178
12:01:18.475, 180
12:01:18.486, 181
12:01:18.524, 182
12:01:18.536, 179
12:01:18.574, 181
12:01:18.593, 180
12:01:18.634, 179
12:01:18.645, 178
12:01:18.655, 178
12:01:18.666, 180
12:01:18.691, 179
12:01:18.730, 180
12:01:18.740, 183
12:01:18.780, 181
12:01:18.790, 178
12:01:18.829, 179
12:01:18.839, 211
12:01:18.850, 167
12:01:18.862, 167
12:01:18.878, 180
12:01:18.919, 183
12:01:18.930, 186
12:01:18.969, 189
12:01:18.979, 193
12:01:19.018, 195
12:01:19.028, 200
12:01:19.067, 203
12:01:19.086, 191
12:01:19.125, 182
12:01:19.135, 176
12:01:19.178, 178
12:01:19.188, 177
12:01:19.228, 176
12:01:19.238, 178
12:01:19.256, 179
12:01:19.275, 181
12:01:19.315, 180
12:01:19.325, 178
12:01:19.365, 179
12:01:19.375, 180
12:01:19.414, 181
12:01:19.424, 182
12:01:19.483, 184
12:01:19.499, 184
12:01:19.537, 181
12:01:19.547, 177
12:01:19.590, 224
12:01:19.600, 175
12:01:19.643, 169
12:01:19.653, 187
12:01:19.676, 187
12:01:19.724, 193
12:01:19.773, 193
12:01:19.843, 195
12:01:19.853, 197
12:01:19.864, 203
12:01:19.904, 205
12:01:19.913, 200
12:01:19.958, 193
12:01:19.968, 179
12:01:20.009, 179
12:01:20.020, 180
12:01:20.082, 179
12:01:20.093, 180
12:01:20.140, 180
12:01:20.150, 181
12:01:20.196, 183
12:01:20.207, 180
12:01:20.275, 181
12:01:20.288, 182
12:01:20.328, 180
12:01:20.338, 181
12:01:20.385, 185
12:01:20.396, 182
12:01:20.467, 182
12:01:20.478, 180
12:01:20.489, 189
12:01:20.530, 169
12:01:20.540, 176
12:01:20.580, 183
12:01:20.590, 186
12:01:20.630, 191
12:01:20.646, 191
12:01:20.656, 195
12:01:20.666, 198
12:01:20.678, 201
12:01:20.721, 206
12:01:20.731, 200
12:01:20.796, 189
12:01:20.806, 183
12:01:20.867, 180
12:01:20.888, 180
12:01:20.934, 181
12:01:20.943, 181
12:01:20.992, 182
12:01:21.003, 182
12:01:21.059, 181
12:01:21.077, 181
12:01:21.126, 182
12:01:21.138, 182
12:01:21.199, 182
12:01:21.208, 182
12:01:21.264, 183
12:01:21.274, 183
12:01:21.287, 183
12:01:21.333, 188
12:01:21.343, 188
12:01:21.382, 186
12:01:21.393, 185
12:01:21.435, 190
12:01:21.445, 236
12:01:21.455, 176
12:01:21.465, 175
12:01:21.482, 190
12:01:21.523, 190
12:01:21.533, 194
12:01:21.574, 195
12:01:21.585, 199
12:01:21.625, 200
12:01:21.635, 207
12:01:21.676, 209
12:01:21.694, 203
12:01:21.771, 195
12:01:21.781, 183
12:01:21.851, 181
12:01:21.862, 181
12:01:21.880, 182
12:01:21.936, 185
12:01:21.946, 184
12:01:21.993, 184
12:01:22.009, 184
12:01:22.053, 182
12:01:22.063, 182
12:01:22.076, 180
12:01:22.118, 180
12:01:22.128, 181
12:01:22.181, 181
12:01:22.191, 181
12:01:22.247, 181
12:01:22.257, 180
12:01:22.267, 182
12:01:22.282, 183
12:01:22.348, 180
12:01:22.358, 180
12:01:22.405, 181
12:01:22.415, 183
12:01:22.472, 183
12:01:22.483, 180
12:01:22.537, 183
12:01:22.547, 186
12:01:22.598, 187
12:01:22.609, 191
12:01:22.733, 194
12:01:22.752, 197
12:01:22.806, 200
12:01:22.817, 202
12:01:22.863, 193
12:01:22.874, 184
12:01:22.887, 179
12:01:22.932, 177
12:01:22.949, 177
12:01:22.990, 179
12:01:23.000, 178
12:01:23.042, 179
12:01:23.052, 181
12:01:23.062, 180
12:01:23.074, 180
12:01:23.117, 179
12:01:23.135, 181
12:01:23.179, 181
12:01:23.196, 182
12:01:23.264, 182
12:01:23.275, 182
12:01:23.288, 183
12:01:23.333, 183
12:01:23.343, 182
12:01:23.384, 184
12:01:23.394, 183
12:01:23.434, 183
12:01:23.451, 187
12:01:23.461, 184
12:01:23.473, 183
12:01:23.523, 182
12:01:23.541, 230
12:01:23.592, 179
12:01:23.602, 170
12:01:23.659, 181
12:01:23.671, 188
12:01:23.682, 188
12:01:23.729, 192
12:01:23.739, 193
12:01:23.820, 199
12:01:23.830, 202
12:01:23.902, 204
12:01:23.913, 202
12:01:23.959, 192
12:01:23.971, 184
12:01:24.013, 178
12:01:24.023, 177
12:01:24.076, 178
12:01:24.087, 179
12:01:24.128, 178
12:01:24.140, 181
12:01:24.200, 180
12:01:24.210, 180
12:01:24.256, 181
12:01:24.266, 180
12:01:24.284, 180
12:01:24.332, 178
12:01:24.342, 180
12:01:24.395, 180
12:01:24.405, 180
12:01:24.536, 180
12:01:24.553, 180
12:01:24.571, 180
12:01:24.584, 181
12:01:24.596, 181
12:01:24.609, 183
12:01:24.620, 183
12:01:24.630, 182
12:01:24.642, 183
12:01:24.658, 183
12:01:24.668, 186
12:01:24.678, 186
12:01:24.689, 184
12:01:24.700, 184
12:01:24.710, 186
12:01:24.720, 230
12:01:24.730, 183
12:01:24.746, 183
12:01:24.757, 185
12:01:24.767, 187
12:01:24.776, 189
12:01:24.787, 194
12:01:24.797, 196
12:01:24.808, 200
12:01:24.818, 201
12:01:24.835, 203
12:01:24.845, 199
12:01:24.858, 195
12:01:24.868, 190
12:01:24.879, 183
12:01:24.890, 183
12:01:24.901, 182
12:01:24.911, 181
12:01:24.928, 182
12:01:24.940, 182
12:01:24.950, 180
12:01:24.961, 181
12:01:24.980, 180
12:01:24.998, 180
12:01:25.007, 180
12:01:25.017, 179
12:01:25.028, 182
12:01:25.040, 182
12:01:25.050, 182
12:01:25.065, 182
12:01:25.076, 182
12:01:25.087, 184
12:01:25.098, 182
12:01:25.108, 183
12:01:25.118, 182
12:01:25.128, 184
12:01:25.137, 186
12:01:25.154, 185
12:01:25.164, 179
12:01:25.173, 184
12:01:25.183, 222
12:01:25.194, 183
12:01:25.203, 182
12:01:25.220, 183
12:01:25.229, 187
12:01:25.246, 187
12:01:25.268, 194
12:01:25.286, 194
12:01:25.300, 197
12:01:25.313, 202
12:01:25.326, 204
12:01:25.336, 202
12:01:25.346, 183
12:01:25.356, 179
12:01:25.365, 177
12:01:25.381, 177
12:01:25.391, 177
12:01:25.401, 178
12:01:25.410, 178
12:01:25.420, 179
12:01:25.441, 180
12:01:25.456, 180
12:01:25.466, 182
12:01:25.533, 179
12:01:25.542, 180
12:01:25.551, 180
12:01:25.561, 180
12:01:25.570, 182
12:01:25.580, 180
12:01:25.590, 181
12:01:25.605, 182
12:01:25.615, 181
12:01:25.624, 182
12:01:25.634, 181
12:01:25.644, 185
12:01:25.655, 184
12:01:25.666, 188
12:01:25.676, 183
12:01:25.693, 231
12:01:25.703, 231
12:01:25.712, 176
12:01:25.722, 183
12:01:25.732, 188
12:01:25.742, 193
12:01:25.751, 193
12:01:25.761, 195
12:01:25.777, 197
12:01:25.786, 200
12:01:25.796, 207
12:01:25.805, 200
12:01:25.815, 188
12:01:25.825, 183
12:01:25.835, 180
12:01:25.844, 185
12:01:25.860, 184
12:01:25.869, 183
12:01:25.879, 176
12:01:25.889, 175
12:01:25.898, 139
12:01:25.907, 147
12:01:25.918, 168
12:01:25.927, 195
12:01:25.936, 183
12:01:25.959, 177
12:01:25.968, 170
12:01:25.977, 175
12:01:25.987, 185
12:01:25.996, 197
12:01:26.006, 201
12:01:26.020, 190
12:01:26.030, 184
12:01:26.040, 184
12:01:26.049, 242
12:01:26.059, 182
12:01:26.068, 180
12:01:26.078, 185
12:01:26.087, 188
12:01:26.098, 194
12:01:26.114, 196
12:01:26.124, 200
12:01:26.133, 205
12:01:26.143, 201
12:01:26.153, 202
12:01:26.162, 195
12:01:26.172, 181
12:01:26.181, 186
12:01:26.197, 175
12:01:26.207, 166
12:01:26.217, 173
12:01:26.226, 179
12:01:26.236, 209
12:01:26.246, 198
12:01:26.256, 194
12:01:26.266, 195
12:01:26.282, 216
12:01:26.292, 215
12:01:26.301, 209
12:01:26.311, 204
12:01:26.321, 203
12:01:26.331, 205
12:01:26.341, 200
12:01:26.351, 206
12:01:26.367, 151
12:01:26.384, 151
12:01:26.393, 199
12:01:26.402, 213
12:01:26.412, 193
12:01:26.422, 201
12:01:26.432, 200
12:01:26.446, 200
12:01:26.456, 208
12:01:26.466, 221
12:01:26.475, 191
12:01:26.485, 184
12:01:26.495, 180
12:01:26.505, 174
12:01:26.515, 166
12:01:26.531, 166
12:01:26.541, 164
12:01:26.551, 160
12:01:26.561, 158
12:01:26.571, 144
12:01:26.581, 150
12:01:26.592, 154
12:01:26.603, 154
12:01:26.621, 148
12:01:26.631, 132
12:01:26.642, 157
12:01:26.651, 235
12:01:26.661, 177
12:01:26.670, 174
12:01:26.680, 171
12:01:26.689, 179
12:01:26.705, 183
12:01:26.715, 206
12:01:26.725, 206
12:01:26.735, 221
12:01:26.744, 221
12:01:26.753, 222
12:01:26.763, 212
12:01:26.774, 187
12:01:26.790, 184
12:01:26.800, 182
12:01:26.817, 181
12:01:26.826, 184
12:01:26.835, 183
12:01:26.845, 178
12:01:26.857, 175
12:01:26.866, 174
12:01:26.876, 170
12:01:26.885, 168
12:01:26.895, 168
12:01:26.904, 168
12:01:26.914, 188
12:01:26.924, 164
12:01:26.940, 169
12:01:26.949, 171
12:01:26.959, 175
12:01:26.969, 175
12:01:26.978, 178
12:01:26.988, 185
12:01:26.997, 187
12:01:27.007, 192
12:01:27.016, 193
12:01:27.032, 183
12:01:27.041, 176
12:01:27.051, 172
12:01:27.060, 172
12:01:27.070, 172
12:01:27.079, 172
12:01:27.089, 173
12:01:27.099, 174
12:01:27.115, 177
12:01:27.125, 176
12:01:27.134, 176
12:01:27.144, 177
12:01:27.154, 178
12:01:27.163, 179
12:01:27.173, 180
12:01:27.183, 180
12:01:27.199, 183
12:01:27.209, 169
12:01:27.218, 178
12:01:27.236, 180
12:01:27.245, 181
12:01:27.255, 184
12:01:27.266, 189
12:01:27.275, 194
12:01:27.285, 201
12:01:27.294, 201
12:01:27.304, 200
12:01:27.313, 188
12:01:27.323, 181
12:01:27.332, 179
12:01:27.342, 177
12:01:27.358, 175
12:01:27.367, 181
12:01:27.377, 179
12:01:27.387, 183
12:01:27.396, 183
12:01:27.406, 177
12:01:27.422, 179
12:01:27.434, 176
12:01:27.451, 178
12:01:27.461, 178
12:01:27.470, 180
12:01:27.480, 181
12:01:27.489, 182
12:01:27.504, 183
12:01:27.514, 186
12:01:27.525, 184
12:01:27.537, 186
12:01:27.548, 184
12:01:27.560, 184
12:01:27.571, 227
12:01:27.581, 195
12:01:27.591, 174
12:01:27.600, 182
12:01:27.610, 187
12:01:27.619, 188
12:01:27.629, 185
12:01:27.638, 189
12:01:27.668, 193
12:01:27.688, 193
12:01:27.716, 194
12:01:27.726, 187
12:01:27.765, 172
12:01:27.775, 167
12:01:27.814, 165
12:01:27.825, 169
12:01:27.863, 171
12:01:27.879, 171
12:01:27.911, 176
12:01:27.921, 176
12:01:27.960, 176
12:01:27.970, 179
12:01:28.009, 182
12:01:28.019, 181
12:01:28.058, 178
12:01:28.075, 176
12:01:28.107, 177
12:01:28.125, 181
12:01:28.156, 181
12:01:28.167, 180
12:01:28.204, 182
12:01:28.214, 183
12:01:28.253, 183
12:01:28.265, 181
12:01:28.302, 181
12:01:28.317, 185
12:01:28.352, 240
12:01:28.374, 181
12:01:28.400, 175
12:01:28.410, 183
12:01:28.472, 188
12:01:28.482, 188
12:01:28.496, 189
12:01:28.506, 193
12:01:28.545, 199
12:01:28.561, 202
12:01:28.594, 204
12:01:28.605, 199
12:01:28.643, 178
12:01:28.661, 178
12:01:28.691, 176
12:01:28.702, 174
12:01:28.740, 175
12:01:28.751, 177
12:01:28.789, 180
12:01:28.799, 178
12:01:28.838, 176
12:01:28.849, 178
12:01:28.887, 176
12:01:28.899, 178
12:01:28.937, 177
12:01:28.958, 182
12:01:28.986, 180
12:01:29.001, 179
12:01:29.034, 182
12:01:29.052, 180
12:01:29.083, 179
12:01:29.099, 180
12:01:29.132, 181
12:01:29.147, 184
12:01:29.181, 186
12:01:29.199, 183
12:01:29.230, 181
12:01:29.248, 180
12:01:29.278, 230
12:01:29.295, 193
12:01:29.328, 185
12:01:29.340, 186
12:01:29.377, 188
12:01:29.390, 190
12:01:29.426, 194
12:01:29.447, 194
12:01:29.473, 201
12:01:29.491, 204
12:01:29.520, 205
12:01:29.536, 203
12:01:29.569, 189
12:01:29.588, 183
12:01:29.618, 179
12:01:29.646, 179
12:01:29.667, 179
12:01:29.682, 180
12:01:29.715, 181
12:01:29.728, 180
12:01:29.764, 182
12:01:29.774, 184
12:01:29.813, 181
12:01:29.823, 183
12:01:29.861, 181
12:01:29.872, 181
12:01:29.910, 183
12:01:29.921, 183
12:01:29.959, 182
12:01:29.975, 183
12:01:30.008, 183
12:01:30.017, 184
12:01:30.056, 184
12:01:30.066, 183
12:01:30.105, 184
12:01:30.116, 187
12:01:30.154, 238
12:01:30.165, 174
12:01:30.203, 181
12:01:30.214, 181
12:01:30.252, 189
12:01:30.263, 191
12:01:30.300, 191
12:01:30.311, 193
12:01:30.349, 200
12:01:30.360, 201
12:01:30.398, 205
12:01:30.409, 198
12:01:30.447, 182
12:01:30.458, 179
12:01:30.495, 175
12:01:30.507, 177
12:01:30.544, 176
12:01:30.555, 176
12:01:30.593, 177
12:01:30.611, 178
12:01:30.642, 177
12:01:30.653, 179
12:01:30.691, 176
12:01:30.743, 179
12:01:30.753, 179
12:01:30.769, 177
12:01:30.788, 179
12:01:30.808, 180
12:01:30.837, 180
12:01:30.846, 178
12:01:30.885, 182
12:01:30.896, 182
12:01:30.934, 181
12:01:30.944, 181
12:01:30.983, 181
12:01:30.993, 181
12:01:31.031, 195
12:01:31.042, 169
12:01:31.080, 178
12:01:31.092, 181
12:01:31.129, 185
12:01:31.144, 187
12:01:31.178, 188
12:01:31.189, 194
12:01:31.227, 198
12:01:31.238, 201
12:01:31.275, 199
12:01:31.286, 190
12:01:31.324, 176
12:01:31.335, 176
12:01:31.373, 174
12:01:31.384, 175
12:01:31.422, 175
12:01:31.433, 176
12:01:31.470, 177
12:01:31.482, 178
12:01:31.519, 179
12:01:31.530, 178
12:01:31.568, 176
12:01:31.586, 176
12:01:31.617, 177
12:01:31.628, 177
12:01:31.665, 179
12:01:31.679, 179
12:01:31.714, 181
12:01:31.724, 181
12:01:31.763, 178
12:01:31.773, 178
12:01:31.836, 181
12:01:31.847, 181
12:01:31.860, 178
12:01:31.877, 181
12:01:31.909, 195
12:01:31.920, 224
12:01:31.958, 169
12:01:31.968, 177
12:01:32.007, 182
12:01:32.018, 184
12:01:32.055, 186
12:01:32.073, 190
12:01:32.104, 197
12:01:32.115, 201
12:01:32.153, 206
12:01:32.164, 205
12:01:32.202, 197
12:01:32.214, 189
12:01:32.250, 179
12:01:32.268, 176
12:01:32.299, 177
12:01:32.310, 178
12:01:32.348, 180
12:01:32.359, 182
12:01:32.397, 182
12:01:32.408, 181
12:01:32.445, 180
12:01:32.460, 182
12:01:32.494, 183
12:01:32.504, 182
12:01:32.543, 184
12:01:32.563, 184
12:01:32.591, 186
12:01:32.602, 185
12:01:32.640, 187
12:01:32.651, 186
12:01:32.689, 187
12:01:32.705, 187
12:01:32.740, 188
12:01:32.757, 192
12:01:32.788, 190
12:01:32.812, 189
12:01:32.837, 189
12:01:32.852, 204
12:01:32.885, 179
12:01:32.898, 188
12:01:32.934, 191
12:01:32.951, 195
12:01:32.983, 197
12:01:33.003, 199
12:01:33.031, 203
12:01:33.044, 205
12:01:33.080, 210
12:01:33.097, 214
12:01:33.131, 208
12:01:33.148, 199
12:01:33.178, 190
12:01:33.201, 189
12:01:33.227, 187
12:01:33.243, 188
12:01:33.275, 189
12:01:33.292, 190
12:01:33.323, 190
12:01:33.340, 190
12:01:33.372, 191
12:01:33.392, 192
12:01:33.422, 191
12:01:33.438, 191
12:01:33.471, 192
12:01:33.490, 192
12:01:33.518, 192
12:01:33.543, 191
12:01:33.568, 192
12:01:33.584, 193
12:01:33.616, 192
12:01:33.628, 193
12:01:33.665, 194
12:01:33.677, 194
12:01:33.713, 197
12:01:33.726, 198
12:01:33.763, 197
12:01:33.780, 196
12:01:33.811, 194
12:01:33.824, 238
12:01:33.860, 194
12:01:33.878, 189
12:01:33.908, 198
12:01:33.967, 199
12:01:33.983, 202
12:01:33.994, 203
12:01:34.005, 208
12:01:34.015, 211
12:01:34.054, 214
12:01:34.064, 217
12:01:34.103, 206
12:01:34.125, 206
12:01:34.152, 191
12:01:34.163, 189
12:01:34.200, 190
12:01:34.212, 189
12:01:34.249, 190
12:01:34.260, 192
12:01:34.298, 191
12:01:34.310, 192
12:01:34.347, 192
12:01:34.359, 192
12:01:34.395, 191
12:01:34.406, 191
12:01:34.444, 190
12:01:34.456, 191
12:01:34.493, 192
12:01:34.528, 192
12:01:34.550, 191
12:01:34.561, 193
12:01:34.590, 193
12:01:34.612, 193
12:01:34.639, 192
12:01:34.662, 192
12:01:34.692, 196
12:01:34.715, 194
12:01:34.736, 193
12:01:34.746, 192
12:01:34.786, 230
12:01:34.828, 194
12:01:34.849, 181
12:01:34.865, 191
12:01:34.883, 196
12:01:34.906, 196
12:01:34.933, 200
12:01:34.943, 204
12:01:34.980, 205
12:01:34.990, 209
12:01:35.029, 215
12:01:35.039, 213
12:01:35.078, 204
12:01:35.088, 196
12:01:35.126, 188
12:01:35.143, 190
12:01:35.175, 188
12:01:35.185, 189
12:01:35.224, 190
12:01:35.234, 190
12:01:35.273, 190
12:01:35.285, 190
12:01:35.323, 192
12:01:35.346, 190
12:01:35.372, 191
12:01:35.390, 192
12:01:35.420, 191
12:01:35.436, 192
12:01:35.477, 193
12:01:35.504, 192
12:01:35.520, 193
12:01:35.533, 193
12:01:35.566, 195
12:01:35.579, 197
12:01:35.615, 194
12:01:35.629, 193
12:01:35.663, 197
12:01:35.673, 197
12:01:35.712, 188
12:01:35.722, 181
12:01:35.761, 193
12:01:35.775, 196
12:01:35.810, 201
12:01:35.823, 205
12:01:35.858, 206
12:01:35.875, 208
12:01:35.907, 214
12:01:35.919, 214
12:01:35.956, 210
12:01:35.969, 201
12:01:36.005, 189
12:01:36.017, 189
12:01:36.053, 189
12:01:36.067, 190
12:01:36.103, 190
12:01:36.121, 191
12:01:36.150, 191
12:01:36.160, 190
12:01:36.199, 190
12:01:36.210, 190
12:01:36.248, 189
12:01:36.257, 190
12:01:36.297, 190
12:01:36.307, 191
12:01:36.346, 191
12:01:36.360, 190
12:01:36.395, 191
12:01:36.414, 191
12:01:36.445, 196
12:01:36.476, 196
12:01:36.495, 192
12:01:36.512, 192
12:01:36.540, 193
12:01:36.553, 241
12:01:36.590, 180
12:01:36.601, 190
12:01:36.638, 195
12:01:36.648, 198
12:01:36.687, 200
12:01:36.703, 203
12:01:36.736, 205
12:01:36.759, 210
12:01:36.785, 215
12:01:36.802, 211
12:01:36.834, 203
12:01:36.850, 193
12:01:36.883, 189
12:01:36.899, 186
12:01:36.931, 187
12:01:36.951, 189
12:01:36.982, 188
12:01:36.994, 189
12:01:37.030, 191
12:01:37.044, 188
12:01:37.081, 190
12:01:37.096, 188
12:01:37.129, 189
12:01:37.153, 189
12:01:37.178, 187
12:01:37.194, 187
12:01:37.226, 193
12:01:37.242, 193
12:01:37.275, 190
12:01:37.291, 188
12:01:37.324, 189
12:01:37.346, 231
12:01:37.373, 180
12:01:37.388, 189
12:01:37.419, 191
12:01:37.457, 193
12:01:37.470, 197
12:01:37.479, 200
12:01:37.519, 202
12:01:37.529, 206
12:01:37.568, 211
12:01:37.577, 207
12:01:37.616, 198
12:01:37.626, 190
12:01:37.665, 185
12:01:37.676, 184
12:01:37.715, 185
12:01:37.725, 185
12:01:37.763, 185
12:01:37.774, 186
12:01:37.812, 186
12:01:37.822, 187
12:01:37.858, 186
12:01:37.870, 186
12:01:37.907, 187
12:01:37.921, 186
12:01:37.958, 187
12:01:37.973, 188
12:01:38.006, 188
12:01:38.022, 188
12:01:38.055, 187
12:01:38.071, 191
12:01:38.103, 192
12:01:38.122, 190
12:01:38.153, 188
12:01:38.167, 187
12:01:38.199, 211
12:01:38.215, 218
12:01:38.250, 186
12:01:38.265, 191
12:01:38.299, 194
12:01:38.315, 195
12:01:38.347, 198
12:01:38.363, 201
12:01:38.396, 205
12:01:38.424, 207
12:01:38.443, 213
12:01:38.458, 212
12:01:38.494, 193
12:01:38.504, 186
12:01:38.543, 184
12:01:38.552, 184
12:01:38.591, 184
12:01:38.607, 184
12:01:38.640, 184
12:01:38.650, 184
12:01:38.689, 184
12:01:38.701, 185
12:01:38.737, 184
12:01:38.748, 183
12:01:38.786, 186
12:01:38.804, 186
12:01:38.835, 186
12:01:38.849, 185
12:01:38.883, 186
12:01:38.900, 185
12:01:38.931, 185
12:01:38.946, 187
12:01:38.981, 186
12:01:38.997, 187
12:01:39.030, 187
12:01:39.040, 186
12:01:39.079, 187
12:01:39.088, 187
12:01:39.128, 188
12:01:39.138, 189
12:01:39.176, 188
12:01:39.192, 189
12:01:39.222, 189
12:01:39.232, 192
12:01:39.274, 189
12:01:39.284, 188
12:01:39.323, 189
12:01:39.391, 195
12:01:39.401, 181
12:01:39.424, 180
12:01:39.434, 187
12:01:39.444, 191
12:01:39.470, 195
12:01:39.480, 196
12:01:39.518, 199
12:01:39.532, 202
12:01:39.568, 208
12:01:39.582, 208
12:01:39.614, 203
12:01:39.628, 195
12:01:39.663, 187
12:01:39.677, 184
12:01:39.712, 182
12:01:39.726, 182
12:01:39.761, 184
12:01:39.775, 184
12:01:39.811, 184
12:01:39.826, 186
12:01:39.862, 183
12:01:39.877, 183
12:01:39.908, 183
12:01:39.924, 183
12:01:39.956, 184
12:01:39.972, 183
12:01:40.003, 185
12:01:40.022, 184
12:01:40.052, 184
12:01:40.068, 186
12:01:40.103, 185
12:01:40.118, 186
12:01:40.151, 186
12:01:40.167, 186
12:01:40.200, 186
12:01:40.216, 186
12:01:40.248, 186
12:01:40.266, 186
12:01:40.297, 186
12:01:40.314, 189
12:01:40.346, 189
12:01:40.369, 189
12:01:40.394, 186
12:01:40.410, 185
12:01:40.444, 215
12:01:40.460, 209
12:01:40.492, 183
12:01:40.508, 187
12:01:40.541, 189
12:01:40.557, 192
12:01:40.590, 195
12:01:40.605, 196
12:01:40.639, 200
12:01:40.655, 204
12:01:40.687, 205
12:01:40.704, 198
12:01:40.736, 189
12:01:40.753, 184
12:01:40.785, 180
12:01:40.802, 179
12:01:40.834, 179
12:01:40.849, 180
12:01:40.883, 181
12:01:40.899, 180
12:01:40.931, 181
12:01:40.947, 183
12:01:40.980, 182
12:01:40.995, 181
12:01:41.029, 182
12:01:41.044, 181
12:01:41.078, 182
12:01:41.093, 182
12:01:41.126, 183
12:01:41.142, 183
12:01:41.175, 182
12:01:41.191, 182
12:01:41.224, 182
12:01:41.239, 183
12:01:41.272, 184
12:01:41.288, 183
12:01:41.319, 184
12:01:41.344, 183
12:01:41.371, 183
12:01:41.387, 183
12:01:41.419, 184
12:01:41.437, 187
12:01:41.467, 185
12:01:41.484, 183
12:01:41.516, 182
12:01:41.532, 193
12:01:41.564, 233
12:01:41.614, 175
12:01:41.629, 183
12:01:41.662, 188
12:01:41.676, 189
12:01:41.711, 193
12:01:41.727, 196
12:01:41.760, 200
12:01:41.775, 203
12:01:41.809, 200
12:01:41.824, 191
12:01:41.855, 182
12:01:41.871, 179
12:01:41.906, 179
12:01:41.923, 179
12:01:41.955, 177
12:01:41.971, 178
12:01:42.004, 179
12:01:42.018, 179
12:01:42.052, 179
12:01:42.068, 180
12:01:42.101, 179
12:01:42.117, 179
12:01:42.150, 180
12:01:42.166, 179
12:01:42.199, 179
12:01:42.214, 180
12:01:42.247, 178
12:01:42.264, 180
12:01:42.296, 180
12:01:42.312, 180
12:01:42.345, 180
12:01:42.361, 181
12:01:42.394, 181
12:01:42.409, 179
12:01:42.442, 180
12:01:42.458, 180
12:01:42.491, 183
12:01:42.507, 182
12:01:42.540, 181
12:01:42.556, 180
12:01:42.589, 222
12:01:42.604, 184
12:01:42.637, 171
12:01:42.654, 178
12:01:42.686, 184
12:01:42.703, 184
12:01:42.735, 187
12:01:42.752, 189
12:01:42.784, 190
12:01:42.799, 195
12:01:42.832, 203
12:01:42.847, 199
12:01:42.881, 190
12:01:42.897, 180
12:01:42.930, 173
12:01:42.945, 173
12:01:42.979, 172
12:01:42.994, 173
12:01:43.077, 175
12:01:43.096, 175
12:01:43.114, 177
12:01:43.133, 175
12:01:43.143, 177
12:01:43.174, 175
12:01:43.190, 176
12:01:43.223, 174
12:01:43.233, 176
12:01:43.270, 176
12:01:43.280, 175
12:01:43.318, 175
12:01:43.340, 174
12:01:43.366, 173
12:01:43.376, 176
12:01:43.416, 176
12:01:43.426, 177
12:01:43.463, 180
12:01:43.474, 180
12:01:43.514, 188
12:01:43.528, 180
12:01:43.563, 178
12:01:43.579, 177
12:01:43.612, 189
12:01:43.628, 223
12:01:43.661, 169
12:01:43.677, 177
12:01:43.710, 184
12:01:43.726, 186
12:01:43.808, 188
12:01:43.828, 190
12:01:43.898, 197
12:01:43.914, 204
12:01:43.923, 206
12:01:43.933, 198
12:01:43.943, 189
12:01:43.952, 177
12:01:43.968, 177
12:01:44.000, 177
12:01:44.010, 175
12:01:44.053, 178
12:01:44.063, 180
12:01:44.100, 179
12:01:44.111, 180
12:01:44.149, 182
12:01:44.167, 181
12:01:44.197, 182
12:01:44.208, 181
12:01:44.244, 182
12:01:44.256, 182
12:01:44.294, 183
12:01:44.309, 184
12:01:44.344, 182
12:01:44.358, 183
12:01:44.392, 183
12:01:44.407, 183
12:01:44.441, 183
12:01:44.456, 183
12:01:44.490, 185
12:01:44.506, 184
12:01:44.539, 185
12:01:44.555, 186
12:01:44.587, 189
12:01:44.604, 187
12:01:44.636, 184
12:01:44.652, 184
12:01:44.685, 184
12:01:44.701, 200
12:01:44.733, 173
12:01:44.748, 181
12:01:44.782, 184
12:01:44.797, 188
12:01:44.831, 190
12:01:44.847, 191
12:01:44.880, 193
12:01:44.896, 195
12:01:44.929, 203
12:01:44.945, 204
12:01:44.977, 199
12:01:45.041, 189
12:01:45.051, 178
12:01:45.061, 178
12:01:45.071, 176
12:01:45.081, 175
12:01:45.124, 175
12:01:45.133, 175
12:01:45.172, 177
12:01:45.182, 179
12:01:45.221, 179
12:01:45.271, 180
12:01:45.281, 179
12:01:45.291, 179
12:01:45.317, 179
12:01:45.327, 178
12:01:45.368, 179
12:01:45.380, 180
12:01:45.416, 179
12:01:45.427, 181
12:01:45.464, 181
12:01:45.476, 184
12:01:45.515, 181
12:01:45.530, 181
12:01:45.562, 182
12:01:45.575, 225
12:01:45.612, 172
12:01:45.628, 183
12:01:45.661, 186
12:01:45.676, 188
12:01:45.709, 193
12:01:45.726, 195
12:01:45.757, 197
12:01:45.774, 200
12:01:45.806, 208
12:01:45.822, 208
12:01:45.855, 194
12:01:45.871, 185
12:01:45.904, 180
12:01:45.919, 177
12:01:46.005, 177
12:01:46.027, 175
12:01:46.054, 179
12:01:46.064, 180
12:01:46.099, 179
12:01:46.109, 180
12:01:46.147, 181
12:01:46.157, 180
12:01:46.196, 182
12:01:46.206, 181
12:01:46.243, 182
12:01:46.253, 182
12:01:46.291, 183
12:01:46.301, 186
12:01:46.344, 183
12:01:46.354, 183
12:01:46.392, 180
12:01:46.404, 219
12:01:46.440, 195
12:01:46.455, 172
12:01:46.488, 185
12:01:46.505, 189
12:01:46.537, 189
12:01:46.554, 191
12:01:46.586, 197
12:01:46.601, 199
12:01:46.635, 203
12:01:46.656, 206
12:01:46.684, 206
12:01:46.700, 195
12:01:46.732, 181
12:01:46.748, 178
12:01:46.781, 177
12:01:46.833, 177
12:01:46.851, 178
12:01:46.873, 179
12:01:46.888, 181
12:01:46.898, 180
12:01:46.928, 180
12:01:46.937, 181
12:01:46.976, 181
12:01:46.986, 181
12:01:47.025, 180
12:01:47.041, 182
12:01:47.071, 182
12:01:47.081, 182
12:01:47.123, 182
12:01:47.133, 182
12:01:47.172, 183
12:01:47.183, 182
12:01:47.219, 183
12:01:47.238, 183
12:01:47.268, 183
12:01:47.282, 183
12:01:47.317, 184
12:01:47.333, 183
12:01:47.366, 185
12:01:47.381, 186
12:01:47.415, 187
12:01:47.432, 187
12:01:47.464, 185
12:01:47.478, 184
12:01:47.512, 196
12:01:47.527, 233
12:01:47.561, 175
12:01:47.577, 178
12:01:47.610, 186
12:01:47.627, 189
12:01:47.658, 190
12:01:47.674, 191
12:01:47.707, 197
12:01:47.723, 201
12:01:47.756, 205
12:01:47.771, 206
12:01:47.805, 203
12:01:47.821, 191
12:01:47.852, 179
12:01:47.868, 177
12:01:47.902, 176
12:01:47.917, 178
12:01:47.951, 179
12:01:47.966, 178
12:01:48.001, 179
12:01:48.016, 179
12:01:48.049, 179
12:01:48.064, 180
12:01:48.097, 179
12:01:48.114, 181
12:01:48.146, 182
12:01:48.162, 180
12:01:48.195, 182
12:01:48.211, 181
12:01:48.244, 181
12:01:48.258, 181
12:01:48.292, 182
12:01:48.307, 182
12:01:48.341, 181
12:01:48.358, 183
12:01:48.390, 182
12:01:48.406, 183
12:01:48.439, 183
12:01:48.454, 182
12:01:48.487, 183
12:01:48.504, 184
12:01:48.536, 186
12:01:48.559, 188
12:01:48.585, 184
12:01:48.601, 185
12:01:48.634, 182
12:01:48.649, 224
12:01:48.682, 191
12:01:48.698, 174
12:01:48.731, 184
12:01:48.753, 187
12:01:48.781, 189
12:01:48.796, 191
12:01:48.829, 195
12:01:48.845, 197
12:01:48.877, 204
12:01:48.894, 207
12:01:48.926, 197
12:01:48.949, 188
12:01:48.974, 181
12:01:49.024, 179
12:01:49.039, 178
12:01:49.073, 181
12:01:49.092, 181
12:01:49.122, 184
12:01:49.141, 183
12:01:49.169, 183
12:01:49.188, 184
12:01:49.219, 184
12:01:49.228, 183
12:01:49.267, 183
12:01:49.293, 182
12:01:49.314, 183
12:01:49.328, 181
12:01:49.361, 183
12:01:49.371, 182
12:01:49.414, 182
12:01:49.424, 183
12:01:49.463, 182
12:01:49.472, 183
12:01:49.511, 183
12:01:49.521, 183
12:01:49.561, 184
12:01:49.571, 183
12:01:49.611, 184
12:01:49.624, 184
12:01:49.657, 185
12:01:49.671, 185
12:01:49.706, 186
12:01:49.721, 187
12:01:49.754, 190
12:01:49.769, 185
12:01:49.804, 186
12:01:49.818, 184
12:01:49.852, 231
12:01:49.867, 188
12:01:49.901, 177
12:01:49.917, 184
12:01:49.951, 189
12:01:49.966, 190
12:01:49.999, 192
12:01:50.015, 193
12:01:50.047, 200
12:01:50.064, 204
12:01:50.096, 207
12:01:50.112, 208
12:01:50.145, 198
12:01:50.161, 188
12:01:50.194, 179
12:01:50.210, 178
12:01:50.242, 178
12:01:50.269, 178
12:01:50.291, 181
12:01:50.306, 181
12:01:50.340, 182
12:01:50.355, 183
12:01:50.389, 182
12:01:50.405, 182
12:01:50.487, 182
12:01:50.512, 182
12:01:50.530, 183
12:01:50.547, 184
12:01:50.557, 184
12:01:50.581, 185
12:01:50.591, 187
12:01:50.634, 184
12:01:50.644, 184
12:01:50.678, 185
12:01:50.688, 186
12:01:50.743, 186
12:01:50.752, 186
12:01:50.776, 186
12:01:50.785, 187
12:01:50.827, 188
12:01:50.837, 188
12:01:50.874, 187
12:01:50.883, 189
12:01:50.925, 191
12:01:50.934, 187
12:01:50.974, 185
12:01:50.983, 212
12:01:51.022, 217
12:01:51.032, 177
12:01:51.071, 190
12:01:51.081, 189
12:01:51.120, 191
12:01:51.131, 194
12:01:51.218, 196
12:01:51.228, 200
12:01:51.242, 205
12:01:51.266, 203
12:01:51.295, 192
12:01:51.315, 186
12:01:51.331, 183
12:01:51.364, 181
12:01:51.379, 181
12:01:51.412, 181
12:01:51.433, 182
12:01:51.461, 183
12:01:51.477, 185
12:01:51.510, 185
12:01:51.525, 184
12:01:51.559, 184
12:01:51.575, 183
12:01:51.607, 183
12:01:51.630, 183
12:01:51.656, 183
12:01:51.672, 184
12:01:51.705, 183
12:01:51.721, 187
12:01:51.754, 184
12:01:51.772, 184
12:01:51.802, 187
12:01:51.823, 186
12:01:51.852, 185
12:01:51.867, 187
12:01:51.901, 187
12:01:51.916, 187
12:01:51.949, 187
12:01:51.965, 186
12:01:51.997, 188
12:01:52.020, 187
12:01:52.046, 187
12:01:52.061, 190
12:01:52.095, 189
12:01:52.111, 187
12:01:52.144, 185
12:01:52.159, 187
12:01:52.192, 188
12:01:52.214, 178
12:01:52.241, 185
12:01:52.265, 187
12:01:52.290, 190
12:01:52.305, 192
12:01:52.339, 193
12:01:52.354, 196
12:01:52.386, 205
12:01:52.401, 208
12:01:52.436, 206
12:01:52.453, 198
12:01:52.486, 187
12:01:52.501, 182
12:01:52.533, 178
12:01:52.549, 180
12:01:52.582, 178
12:01:52.598, 180
12:01:52.631, 181
12:01:52.646, 180
12:01:52.678, 181
12:01:52.694, 181
12:01:52.729, 181
12:01:52.745, 183
12:01:52.777, 181
12:01:52.793, 182
12:01:52.824, 184
12:01:52.841, 182
12:01:52.874, 182
12:01:52.891, 182
12:01:52.924, 183
12:01:52.938, 183
12:01:52.972, 184
12:01:52.987, 183
12:01:53.021, 183
12:01:53.036, 182
12:01:53.071, 192
12:01:53.086, 192
12:01:53.117, 190
12:01:53.139, 185
12:01:53.167, 171
12:01:53.181, 172
12:01:53.213, 177
12:01:53.228, 184
12:01:53.262, 192
12:01:53.272, 243
12:01:53.311, 184
12:01:53.321, 188
12:01:53.363, 186
12:01:53.372, 188
12:01:53.411, 202
12:01:53.422, 192
12:01:53.457, 192
12:01:53.474, 202
12:01:53.506, 206
12:01:53.518, 199
12:01:53.557, 194
12:01:53.569, 199
12:01:53.606, 175
12:01:53.622, 173
12:01:53.656, 171
12:01:53.678, 171
12:01:53.703, 167
12:01:53.718, 171
12:01:53.752, 177
12:01:53.767, 183
12:01:53.802, 183
12:01:53.817, 179
12:01:53.851, 179
12:01:53.873, 175
12:01:53.897, 175
12:01:53.914, 181
12:01:53.947, 182
12:01:53.964, 185
12:01:53.996, 184
12:01:54.011, 184
12:01:54.045, 183
12:01:54.067, 183
12:01:54.094, 191
12:01:54.109, 189
12:01:54.142, 188
12:01:54.158, 187
12:01:54.191, 231
12:01:54.217, 196
12:01:54.240, 175
12:01:54.254, 186
12:01:54.290, 192
12:01:54.306, 195
12:01:54.337, 198
12:01:54.354, 200
12:01:54.386, 205
12:01:54.407, 212
12:01:54.434, 217
12:01:54.449, 216
12:01:54.484, 211
12:01:54.500, 201
12:01:54.532, 191
12:01:54.547, 190
12:01:54.581, 190
12:01:54.603, 190
12:01:54.628, 191
12:01:54.644, 192
12:01:54.679, 194
12:01:54.695, 191
12:01:54.727, 190
12:01:54.744, 190
12:01:54.776, 190
12:01:54.797, 189
12:01:54.825, 190
12:01:54.841, 191
12:01:54.874, 193
12:01:54.889, 196
12:01:54.922, 193
12:01:54.941, 193
12:01:54.971, 197
12:01:54.993, 252
12:01:55.020, 189
12:01:55.035, 187
12:01:55.069, 196
12:01:55.084, 196
12:01:55.117, 199
12:01:55.133, 201
12:01:55.166, 207
12:01:55.195, 210
12:01:55.215, 213
12:01:55.232, 217
12:01:55.297, 213
12:01:55.312, 201
12:01:55.322, 191
12:01:55.331, 189
12:01:55.360, 188
12:01:55.370, 187
12:01:55.406, 189
12:01:55.416, 189
12:01:55.455, 188
12:01:55.465, 188
12:01:55.504, 188
12:01:55.513, 188
12:01:55.553, 190
12:01:55.564, 187
12:01:55.601, 190
12:01:55.612, 190
12:01:55.650, 193
12:01:55.662, 193
12:01:55.699, 191
12:01:55.710, 191
12:01:55.748, 209
12:01:55.759, 243
12:01:55.797, 183
12:01:55.810, 186
12:01:55.845, 192
12:01:55.858, 195
12:01:55.895, 195
12:01:55.927, 197
12:01:55.950, 203
12:01:55.959, 205
12:01:55.995, 210
12:01:56.005, 214
12:01:56.044, 209
12:01:56.053, 197
12:01:56.091, 188
12:01:56.101, 187
12:01:56.141, 187
12:01:56.159, 188
12:01:56.187, 189
12:01:56.198, 190
12:01:56.236, 192
12:01:56.247, 191
12:01:56.285, 191
12:01:56.301, 192
12:01:56.336, 191
12:01:56.347, 191
12:01:56.384, 192
12:01:56.396, 195
12:01:56.433, 193
12:01:56.445, 191
12:01:56.482, 191
12:01:56.504, 215
12:01:56.531, 180
12:01:56.546, 189
12:01:56.580, 192
12:01:56.595, 196
12:01:56.629, 198
12:01:56.645, 201
12:01:56.677, 204
12:01:56.700, 205
12:01:56.726, 214
12:01:56.741, 214
12:01:56.775, 204
12:01:56.791, 198
12:01:56.824, 189
12:01:56.839, 188
12:01:56.872, 187
12:01:56.894, 187
12:01:56.921, 188
12:01:56.936, 187
12:01:56.971, 190
12:01:56.986, 190
12:01:57.053, 190
12:01:57.062, 190
12:01:57.072, 191
12:01:57.089, 190
12:01:57.116, 191
12:01:57.138, 191
12:01:57.165, 192
12:01:57.180, 191
12:01:57.214, 192
12:01:57.229, 192
12:01:57.262, 191
12:01:57.275, 192
12:01:57.311, 193
12:01:57.324, 192
12:01:57.361, 194
12:01:57.381, 194
12:01:57.408, 193
12:01:57.432, 192
12:01:57.457, 189
12:01:57.475, 223
12:01:57.505, 185
12:01:57.519, 189
12:01:57.554, 194
12:01:57.572, 194
12:01:57.603, 197
12:01:57.624, 196
12:01:57.652, 201
12:01:57.666, 203
12:01:57.702, 207
12:01:57.717, 212
12:01:57.751, 208
12:01:57.766, 198
12:01:57.799, 191
12:01:57.823, 187
12:01:57.845, 186
12:01:57.861, 188
12:01:57.897, 187
12:01:57.913, 188
12:01:57.945, 188
12:01:57.962, 189
12:01:57.993, 188
12:01:58.016, 188
12:01:58.040, 188
12:01:58.057, 188
12:01:58.089, 188
12:01:58.110, 189
12:01:58.140, 189
12:01:58.149, 188
12:01:58.189, 190
12:01:58.198, 189
12:01:58.234, 189
12:01:58.244, 190
12:01:58.283, 194
12:01:58.293, 192
12:01:58.336, 190
12:01:58.346, 190
12:01:58.383, 200
12:01:58.397, 242
12:01:58.432, 185
12:01:58.445, 189
12:01:58.482, 192
12:01:58.532, 193
12:01:58.551, 196
12:01:58.568, 199
12:01:58.595, 200
12:01:58.612, 204
12:01:58.631, 210
12:01:58.642, 205
12:01:58.676, 196
12:01:58.686, 188
12:01:58.725, 185
12:01:58.734, 185
12:01:58.776, 184
12:01:58.786, 185
12:01:58.822, 185
12:01:58.832, 186
12:01:58.871, 186
12:01:58.881, 186
12:01:58.921, 186
12:01:58.931, 185
12:01:58.970, 186
12:01:58.983, 185
12:01:59.017, 186
12:01:59.029, 187
12:01:59.065, 188
12:01:59.089, 187
12:01:59.114, 187
12:01:59.128, 186
12:01:59.163, 188
12:01:59.179, 187
12:01:59.212, 187
12:01:59.228, 188
12:01:59.261, 186
12:01:59.277, 187
12:01:59.310, 187
12:01:59.325, 187
12:01:59.359, 191
12:01:59.375, 190
12:01:59.407, 188
12:01:59.424, 188
12:01:59.456, 187
12:01:59.472, 227
12:01:59.503, 200
12:01:59.520, 181
12:01:59.553, 189
12:01:59.570, 190
12:01:59.602, 194
12:01:59.617, 193
12:01:59.651, 198
12:01:59.667, 201
12:01:59.698, 205
12:01:59.714, 208
12:01:59.749, 201
12:01:59.765, 192
12:01:59.797, 187
12:01:59.813, 183
12:01:59.846, 184
12:01:59.861, 184
12:01:59.893, 184
12:01:59.909, 185
12:01:59.943, 184
12:01:59.960, 185
12:01:59.992, 186
12:02:00.008, 185
12:02:00.041, 186
12:02:00.068, 185
12:02:00.088, 185
12:02:00.105, 186
12:02:00.136, 186
12:02:00.146, 186
12:02:00.188, 186
12:02:00.199, 186
12:02:00.236, 185
12:02:00.253, 186
12:02:00.285, 186
12:02:00.294, 187
12:02:00.331, 186
12:02:00.342, 186
12:02:00.382, 185
12:02:00.392, 188
12:02:00.432, 188
12:02:00.449, 187
12:02:00.479, 189
12:02:00.491, 187
12:02:00.528, 191
12:02:00.544, 190
12:02:00.577, 187
12:02:00.593, 188
12:02:00.626, 204
12:02:00.648, 233
12:02:00.675, 181
12:02:00.691, 185
12:02:00.724, 189
12:02:00.741, 189
12:02:00.772, 193
12:02:00.788, 195
12:02:00.821, 196
12:02:00.843, 200
12:02:00.871, 207
12:02:00.886, 209
12:02:00.918, 205
12:02:00.935, 195
12:02:00.967, 184
12:02:00.983, 184
12:02:01.016, 182
12:02:01.046, 184
12:02:01.063, 182
12:02:01.077, 184
12:02:01.112, 186
12:02:01.122, 186
12:02:01.165, 186
12:02:01.180, 184
12:02:01.211, 183
12:02:01.221, 184
12:02:01.260, 184
12:02:01.270, 186
12:02:01.309, 185
12:02:01.320, 185
12:02:01.358, 184
12:02:01.378, 183
12:02:01.405, 186
12:02:01.418, 186
12:02:01.453, 185
12:02:01.466, 186
12:02:01.503, 185
12:02:01.518, 185
12:02:01.552, 186
12:02:01.573, 185
12:02:01.601, 188
12:02:01.617, 187
12:02:01.651, 186
12:02:01.666, 186
12:02:01.699, 189
12:02:01.715, 189
12:02:01.747, 185
12:02:01.770, 185
12:02:01.796, 187
12:02:01.812, 235
12:02:01.845, 188
12:02:01.861, 180
12:02:01.894, 187
12:02:01.909, 190
12:02:01.942, 190
12:02:01.963, 194
12:02:01.991, 199
12:02:02.015, 201
12:02:02.041, 205
12:02:02.056, 206
12:02:02.089, 198
12:02:02.105, 190
12:02:02.137, 183
12:02:02.154, 181
12:02:02.186, 181
12:02:02.202, 182
12:02:02.235, 182
12:02:02.251, 181
12:02:02.284, 181
12:02:02.300, 180
12:02:02.332, 181
12:02:02.348, 182
12:02:02.381, 181
12:02:02.396, 182
12:02:02.431, 183
12:02:02.446, 181
12:02:02.479, 182
12:02:02.495, 181
12:02:02.527, 184
12:02:02.543, 184
12:02:02.576, 183
12:02:02.591, 183
12:02:02.625, 183
12:02:02.641, 184
12:02:02.674, 186
12:02:02.689, 185
12:02:02.722, 185
12:02:02.737, 187
12:02:02.771, 184
12:02:02.787, 184
12:02:02.821, 182
12:02:02.836, 188
12:02:02.868, 178
12:02:02.885, 173
12:02:02.915, 184
12:02:02.931, 187
12:02:02.966, 189
12:02:02.991, 189
12:02:03.014, 191
12:02:03.029, 197
12:02:03.063, 199
12:02:03.079, 203
12:02:03.111, 200
12:02:03.128, 191
12:02:03.162, 182
12:02:03.177, 179
12:02:03.211, 175
12:02:03.227, 177
12:02:03.258, 178
12:02:03.324, 180
12:02:03.339, 177
12:02:03.351, 178
12:02:03.361, 178
12:02:03.370, 176
12:02:03.405, 174
12:02:03.414, 167
12:02:03.454, 144
12:02:03.463, 137
12:02:03.502, 147
12:02:03.512, 154
12:02:03.551, 156
12:02:03.561, 155
12:02:03.600, 159
12:02:03.611, 163
12:02:03.650, 168
12:02:03.662, 171
12:02:03.697, 172
12:02:03.709, 175
12:02:03.746, 177
12:02:03.758, 174
12:02:03.795, 173
12:02:03.812, 172
12:02:03.843, 195
12:02:03.859, 215
12:02:03.892, 172
12:02:03.907, 178
12:02:03.941, 181
12:02:03.966, 183
12:02:03.990, 183
12:02:04.006, 184
12:02:04.038, 189
12:02:04.055, 196
12:02:04.087, 204
12:02:04.103, 199
12:02:04.136, 189
12:02:04.152, 185
12:02:04.185, 179
12:02:04.206, 178
12:02:04.233, 179
12:02:04.249, 180
12:02:04.282, 180
12:02:04.297, 180
12:02:04.332, 179
12:02:04.348, 179
12:02:04.381, 178
12:02:04.403, 178
12:02:04.428, 177
12:02:04.445, 177
12:02:04.477, 178
12:02:04.494, 178
12:02:04.526, 174
12:02:04.542, 175
12:02:04.575, 173
12:02:04.597, 176
12:02:04.623, 176
12:02:04.639, 177
12:02:04.672, 177
12:02:04.688, 180
12:02:04.721, 180
12:02:04.736, 177
12:02:04.770, 175
12:02:04.792, 212
12:02:04.819, 191
12:02:04.834, 164
12:02:04.867, 180
12:02:04.884, 182
12:02:04.916, 186
12:02:04.946, 185
12:02:04.963, 188
12:02:04.977, 192
12:02:05.010, 199
12:02:05.051, 202
12:02:05.064, 201
12:02:05.076, 194
12:02:05.107, 180
12:02:05.126, 177
12:02:05.157, 179
12:02:05.175, 176
12:02:05.205, 180
12:02:05.216, 182
12:02:05.254, 182
12:02:05.265, 183
12:02:05.347, 184
12:02:05.361, 182
12:02:05.400, 181
12:02:05.410, 178
12:02:05.423, 179
12:02:05.449, 181
12:02:05.459, 183
12:02:05.497, 184
12:02:05.509, 186
12:02:05.546, 188
12:02:05.567, 187
12:02:05.595, 190
12:02:05.607, 191
12:02:05.644, 188
12:02:05.655, 186
12:02:05.693, 186
12:02:05.706, 187
12:02:05.742, 216
12:02:05.762, 221
12:02:05.790, 187
12:02:05.806, 189
12:02:05.839, 193
12:02:05.851, 192
12:02:05.887, 195
12:02:05.898, 198
12:02:05.936, 201
12:02:05.948, 205
12:02:05.985, 209
12:02:05.997, 202
12:02:06.034, 192
12:02:06.049, 185
12:02:06.084, 182
12:02:06.102, 181
12:02:06.132, 180
12:02:06.148, 181
12:02:06.180, 179
12:02:06.193, 183
12:02:06.229, 183
12:02:06.240, 182
12:02:06.277, 183
12:02:06.289, 181
12:02:06.327, 180
12:02:06.338, 181
12:02:06.375, 181
12:02:06.386, 181
12:02:06.424, 182
12:02:06.434, 181
12:02:06.472, 181
12:02:06.485, 182
12:02:06.522, 182
12:02:06.534, 182
12:02:06.570, 187
12:02:06.580, 186
12:02:06.619, 183
12:02:06.630, 183
12:02:06.669, 203
12:02:06.690, 230
12:02:06.716, 175
12:02:06.732, 181
12:02:06.765, 187
12:02:06.776, 190
12:02:06.815, 192
12:02:06.826, 194
12:02:06.863, 200
12:02:06.875, 202
12:02:06.911, 208
12:02:06.921, 209
12:02:06.960, 203
12:02:06.971, 192
12:02:07.009, 181
12:02:07.020, 180
12:02:07.058, 179
12:02:07.070, 180
12:02:07.106, 181
12:02:07.130, 181
12:02:07.155, 182
12:02:07.173, 183
12:02:07.204, 183
12:02:07.214, 184
12:02:07.253, 183
12:02:07.268, 183
12:02:07.302, 183
12:02:07.314, 185
12:02:07.350, 184
12:02:07.373, 184
12:02:07.399, 184
12:02:07.411, 184
12:02:07.448, 185
12:02:07.510, 186
12:02:07.612, 186
12:02:07.627, 186
12:02:07.683, 186
12:02:07.693, 185
12:02:07.797, 185
12:02:07.807, 185
12:02:07.869, 186
12:02:07.882, 189
12:02:07.952, 188
12:02:07.963, 186
12:02:07.975, 185
12:02:07.986, 184
12:02:08.006, 231
12:02:08.065, 198
12:02:08.076, 178
12:02:08.189, 185
12:02:08.211, 188
12:02:08.300, 190
12:02:08.311, 189
12:02:08.375, 190
12:02:08.386, 196
12:02:08.397, 199
12:02:08.407, 204
12:02:08.424, 0
12:02:08.434, 202
12:02:08.445, 0
12:02:08.454, 196
12:02:08.469, 187
12:02:08.483, 177
12:02:08.494, 176
12:02:08.515, 237
12:02:08.536, 177
12:02:08.625, 177
12:02:08.637, 179
12:02:08.722, 178
12:02:08.732, 181
12:02:08.799, 180
12:02:08.810, 179
12:02:08.879, 180
12:02:08.891, 180
12:02:08.983, 180
12:02:09.003, 183
12:02:09.060, 180
12:02:09.071, 0
12:02:09.152, 0
